past_q_count_,q_count,q_with_fav_unique,q_with_fav_rate,fav_total,fav_per_q
1,2243553,1106244,0.49307682947539017,2653925,2.3990412603367792
2,1054194,493176,0.46782281060222314,1226439,2.4868180933378752
3,679440,319694,0.47052572706935125,801049,2.5056741759307339
4,490657,231735,0.47229531016575732,583018,2.5158823656331584
5,375499,177490,0.47267769022021361,453609,2.555687644374331
6,297765,140952,0.47336658102866352,360598,2.5583035359555026
7,241399,114879,0.4758884668122072,298955,2.6023468170858033
8,199369,95574,0.47938245163490811,250171,2.6175633540502647
9,168181,80694,0.47980449634619843,213642,2.6475574392148116
10,144090,69824,0.48458602262474842,186280,2.6678505957836847
11,125429,60601,0.4831498297841807,158082,2.608570815663108
12,110368,53141,0.48148919976804871,141019,2.6536760693250034
13,97844,47586,0.4863456113813826,127910,2.6879754549657462
14,87434,42498,0.48605805521879358,114425,2.6924796461009928
15,78642,38464,0.48910251519544262,103378,2.6876559900166388
16,70997,34834,0.4906404495964618,93206,2.6757191249928232
17,64576,31733,0.49140547571853321,84137,2.6514039013014843
18,58928,28792,0.48859625305457505,75655,2.6276396221172549
19,54048,26548,0.49119301361752515,71993,2.711805032394154
20,49787,24285,0.487777933998835,65827,2.710603253036854
21,46047,22804,0.49523313136577846,59611,2.6140589370285916
22,42612,21080,0.49469632967239274,57089,2.7082068311195444
23,39613,19596,0.49468608790043672,52313,2.6695754235558278
24,36889,18133,0.49155574832605925,47510,2.6200849280317651
25,34500,17000,0.49275362318840582,44877,2.6398235294117649
26,32308,15900,0.49213817011266558,43439,2.7320125786163523
27,30278,14984,0.49488077151727328,41290,2.7556059797116923
28,28471,14109,0.49555688244178286,37633,2.6673045573747252
29,26832,13306,0.49590041741204532,35422,2.6621073200060121
30,25361,12704,0.50092661961279128,33990,2.675535264483627
31,23966,11783,0.49165484436284734,30707,2.6060426037511668
32,22622,11082,0.4898771107771196,30117,2.7176502436383325
33,21474,10635,0.49525006985191394,27416,2.5779031499764926
34,20347,10151,0.49889418587506756,28356,2.793419367549995
35,19346,9572,0.49477928253902614,26463,2.7646259924780612
36,18410,9175,0.49837045084193371,24874,2.7110626702997274
37,17560,8807,0.50153758542141225,24082,2.7344158056091743
38,16773,8340,0.49722768735467715,22259,2.6689448441247
39,16051,7839,0.48838078624384773,20585,2.6259727005995663
40,15330,7768,0.50671885192433141,20874,2.687178166838311
41,14658,7274,0.49624778278073406,18770,2.5804234259004675
42,14006,6950,0.49621590746822791,18786,2.7030215827338129
43,13414,6708,0.500074548978679,18122,2.7015503875968991
44,12865,6384,0.49623008161678972,17443,2.7322994987468672
45,12335,6079,0.49282529387920554,16760,2.75703240664583
46,11832,5891,0.49788708586883029,15407,2.615345442199966
47,11330,5664,0.4999117387466902,15416,2.7217514124293785
48,10885,5350,0.491502067064768,14558,2.721121495327103
49,10498,5221,0.49733282530005718,14214,2.7224669603524227
50,10105,5049,0.4996536368134587,14153,2.8031293325410971
51,9739,4845,0.49748434130814251,12707,2.6227038183694531
52,9380,4696,0.500639658848614,13094,2.7883304940374787
53,9069,4462,0.4920057338185026,12000,2.6893769610040339
54,8754,4338,0.49554489376285127,11444,2.6380820654679575
55,8440,4201,0.49774881516587677,11779,2.8038562247084027
56,8172,4148,0.50758688203622127,11270,2.7169720347155257
57,7883,3903,0.49511607256120765,11073,2.8370484242890086
58,7597,3722,0.48993023561932342,9666,2.5969908651262763
59,7329,3664,0.4999317778687406,9672,2.6397379912663754
60,7103,3545,0.49908489370688441,9780,2.758815232722144
61,6887,3461,0.50254101931174677,9599,2.7734758740248484
62,6683,3389,0.50710758641328746,9668,2.8527589259368544
63,6490,3257,0.501848998459168,8952,2.7485416027018728
64,6326,3167,0.50063231109705975,8329,2.6299336911904012
65,6149,3078,0.5005691982436169,9261,3.0087719298245612
66,5969,3014,0.50494220137376444,7795,2.5862641008626408
67,5781,2927,0.50631378654212078,7904,2.7003758114110008
68,5618,2802,0.49875400498398004,7631,2.7234118486795147
69,5459,2737,0.50137387799963362,7283,2.6609426379247352
70,5294,2609,0.49282206271250473,7053,2.7033346109620546
71,5132,2552,0.49727201870615745,7242,2.8377742946708464
72,4996,2511,0.50260208166533227,6489,2.5842293906810037
73,4873,2449,0.50256515493535814,6076,2.481012658227848
74,4722,2361,0.5,6695,2.8356628547225751
75,4586,2302,0.50196249454862629,6436,2.7958297132927887
76,4478,2195,0.49017418490397496,6120,2.7881548974943051
77,4369,2133,0.488212405584802,6311,2.9587435536802627
78,4259,2128,0.49964780464897862,5709,2.6828007518796992
79,4130,1995,0.48305084745762711,5180,2.5964912280701755
80,4024,2014,0.50049701789264411,5393,2.6777557100297913
81,3913,1933,0.49399437771530796,5393,2.7899637868598033
82,3830,1841,0.48067885117493475,4926,2.6757197175448124
83,3751,1908,0.50866435617168759,5014,2.6278825995807127
84,3644,1800,0.49396267837541163,5062,2.8122222222222222
85,3539,1799,0.50833568804747109,4566,2.5380767092829348
86,3458,1677,0.48496240601503759,4361,2.6004770423375074
87,3390,1739,0.51297935103244841,4424,2.5439907993099484
88,3295,1628,0.494081942336874,4177,2.5657248157248156
89,3222,1612,0.500310366232154,4267,2.6470223325062037
90,3149,1619,0.5141314703080343,4140,2.5571340333539223
91,3096,1608,0.51937984496124034,4258,2.6480099502487562
92,3042,1522,0.50032873109796183,4471,2.9375821287779238
93,2964,1487,0.50168690958164641,4080,2.7437794216543376
94,2903,1484,0.51119531519118155,4019,2.7082210242587603
95,2834,1375,0.48517995765702188,3714,2.701090909090909
96,2778,1380,0.49676025917926564,3970,2.8768115942028984
97,2732,1386,0.5073206442166911,3534,2.54978354978355
98,2665,1317,0.49418386491557226,3409,2.5884586180713742
99,2614,1334,0.51032899770466722,3222,2.4152923538230886
100,120768,59717,0.49447701377848435,158417,2.6527956863204785
200,30045,14738,0.49053087036112497,35355,2.3989008006513775
300,10225,5131,0.50180929095354521,11523,2.2457610602221787
400,4195,2150,0.51251489868891542,5569,2.5902325581395349
500,2340,1124,0.48034188034188036,2399,2.1343416370106763
600,1323,581,0.43915343915343913,1239,2.1325301204819276
700,611,298,0.48772504091653029,912,3.0604026845637584
800,237,135,0.569620253164557,412,3.0518518518518518
900,200,117,0.585,391,3.341880341880342
1000,134,79,0.58955223880597019,221,2.7974683544303796
1100,100,65,0.65,170,2.6153846153846154
1200,100,56,0.56,137,2.4464285714285716
1300,100,43,0.43,105,2.441860465116279
1400,100,49,0.49,184,3.7551020408163267
1500,100,56,0.56,116,2.0714285714285716
1600,100,49,0.49,157,3.204081632653061
1700,100,56,0.56,129,2.3035714285714284
1800,100,53,0.53,114,2.1509433962264151
1900,100,47,0.47,117,2.4893617021276597
2000,100,45,0.45,112,2.4888888888888889
2100,100,54,0.54,174,3.2222222222222223
2200,100,51,0.51,166,3.2549019607843137
2300,100,46,0.46,89,1.9347826086956521
2400,100,48,0.48,111,2.3125
2500,100,54,0.54,109,2.0185185185185186
2600,100,47,0.47,109,2.3191489361702127
2700,100,54,0.54,226,4.1851851851851851
2800,100,48,0.48,129,2.6875
2900,100,62,0.62,230,3.7096774193548385
3000,100,47,0.47,97,2.0638297872340425
3100,100,51,0.51,129,2.5294117647058822
3200,100,51,0.51,145,2.8431372549019609
3300,100,38,0.38,93,2.4473684210526314
3400,100,46,0.46,135,2.9347826086956523
3500,100,46,0.46,263,5.7173913043478262
3600,100,49,0.49,99,2.0204081632653059
3700,100,42,0.42,85,2.0238095238095237
3800,100,47,0.47,94,2
3900,100,55,0.55,136,2.4727272727272727
4000,100,55,0.55,95,1.7272727272727273
4100,100,56,0.56,112,2
4200,100,49,0.49,104,2.1224489795918369
4300,100,53,0.53,350,6.60377358490566
4400,100,48,0.48,180,3.75
4500,100,42,0.42,119,2.8333333333333335
4600,100,55,0.55,153,2.7818181818181817
4700,100,46,0.46,102,2.2173913043478262
4800,100,55,0.55,129,2.3454545454545452
4900,100,47,0.47,127,2.7021276595744679
5000,100,51,0.51,115,2.2549019607843137
5100,100,52,0.52,114,2.1923076923076925
5200,100,47,0.47,100,2.1276595744680851
5300,100,48,0.48,109,2.2708333333333335
5400,100,48,0.48,85,1.7708333333333333
5500,100,43,0.43,89,2.0697674418604652
5600,100,59,0.59,163,2.76271186440678
5700,100,40,0.4,79,1.975
5800,100,49,0.49,160,3.2653061224489797
5900,100,47,0.47,86,1.8297872340425532
6000,100,56,0.56,141,2.5178571428571428
6100,100,55,0.55,153,2.7818181818181817
6200,100,45,0.45,113,2.5111111111111111
6300,100,55,0.55,104,1.8909090909090909
6400,100,46,0.46,138,3
6500,100,52,0.52,104,2
6600,100,46,0.46,108,2.347826086956522
6700,100,57,0.57,234,4.1052631578947372
6800,100,57,0.57,170,2.9824561403508771
6900,100,46,0.46,133,2.8913043478260869
7000,100,46,0.46,123,2.6739130434782608
7100,100,47,0.47,153,3.25531914893617
7200,100,48,0.48,82,1.7083333333333333
7300,100,44,0.44,132,3
7400,100,53,0.53,117,2.2075471698113209
7500,100,56,0.56,178,3.1785714285714284
7600,100,58,0.58,259,4.4655172413793105
7700,100,50,0.5,101,2.02
7800,100,47,0.47,114,2.4255319148936172
7900,100,50,0.5,158,3.16
8000,100,53,0.53,157,2.9622641509433962
8100,100,50,0.5,100,2
8200,100,49,0.49,169,3.4489795918367347
8300,100,48,0.48,95,1.9791666666666667
8400,100,42,0.42,212,5.0476190476190474
8500,100,56,0.56,160,2.8571428571428572
8600,100,58,0.58,143,2.4655172413793105
8700,100,46,0.46,126,2.7391304347826089
8800,100,48,0.48,280,5.833333333333333
8900,100,50,0.5,99,1.98
9000,100,48,0.48,134,2.7916666666666665
9100,100,56,0.56,135,2.4107142857142856
9200,100,43,0.43,88,2.0465116279069768
9300,100,45,0.45,99,2.2
9400,100,43,0.43,285,6.6279069767441863
9500,100,50,0.5,102,2.04
9600,100,56,0.56,128,2.2857142857142856
9700,100,50,0.5,113,2.26
9800,100,55,0.55,136,2.4727272727272727
9900,100,50,0.5,137,2.74
10000,100,57,0.57,136,2.3859649122807016
10100,100,53,0.53,125,2.358490566037736
10200,100,53,0.53,123,2.3207547169811322
10300,100,51,0.51,197,3.8627450980392157
10400,100,58,0.58,127,2.1896551724137931
10500,100,55,0.55,138,2.5090909090909093
10600,100,46,0.46,140,3.0434782608695654
10700,100,48,0.48,102,2.125
10800,100,57,0.57,112,1.9649122807017543
10900,100,49,0.49,104,2.1224489795918369
11000,100,45,0.45,76,1.6888888888888889
11100,100,54,0.54,133,2.4629629629629628
11200,100,60,0.6,138,2.3
11300,100,44,0.44,121,2.75
11400,100,50,0.5,171,3.42
11500,100,45,0.45,96,2.1333333333333333
11600,100,47,0.47,112,2.3829787234042552
11700,100,60,0.6,123,2.05
11800,100,51,0.51,115,2.2549019607843137
11900,100,53,0.53,127,2.3962264150943398
12000,100,57,0.57,149,2.6140350877192984
12100,100,46,0.46,103,2.2391304347826089
12200,100,59,0.59,138,2.3389830508474576
12300,100,54,0.54,110,2.0370370370370372
12400,100,57,0.57,223,3.9122807017543861
12500,100,66,0.66,251,3.8030303030303032
12600,100,63,0.63,204,3.2380952380952381
12700,100,57,0.57,142,2.4912280701754388
12800,100,51,0.51,181,3.5490196078431371
12900,100,62,0.62,165,2.661290322580645
13000,100,59,0.59,160,2.7118644067796609
13100,100,51,0.51,329,6.4509803921568629
13200,100,54,0.54,153,2.8333333333333335
13300,100,66,0.66,256,3.8787878787878789
13400,100,55,0.55,137,2.4909090909090907
13500,100,51,0.51,189,3.7058823529411766
13600,100,46,0.46,95,2.0652173913043477
13700,100,48,0.48,97,2.0208333333333335
13800,100,43,0.43,97,2.2558139534883721
13900,100,45,0.45,131,2.911111111111111
14000,100,51,0.51,155,3.0392156862745097
14100,100,57,0.57,142,2.4912280701754388
14200,100,55,0.55,120,2.1818181818181817
14300,100,45,0.45,105,2.3333333333333335
14400,100,55,0.55,117,2.1272727272727274
14500,100,55,0.55,205,3.7272727272727271
14600,100,58,0.58,169,2.9137931034482758
14700,100,53,0.53,218,4.1132075471698117
14800,100,54,0.54,188,3.4814814814814814
14900,100,52,0.52,157,3.0192307692307692
15000,100,56,0.56,129,2.3035714285714284
15100,100,53,0.53,128,2.4150943396226414
15200,100,54,0.54,165,3.0555555555555554
15300,100,57,0.57,110,1.9298245614035088
15400,100,53,0.53,113,2.1320754716981134
15500,100,52,0.52,118,2.2692307692307692
15600,100,62,0.62,144,2.3225806451612905
15700,100,54,0.54,125,2.3148148148148149
15800,100,45,0.45,81,1.8
15900,100,53,0.53,158,2.9811320754716979
16000,100,53,0.53,107,2.0188679245283021
16100,100,55,0.55,223,4.0545454545454547
16200,100,53,0.53,143,2.69811320754717
16300,100,53,0.53,170,3.2075471698113209
16400,100,47,0.47,89,1.8936170212765957
16500,100,54,0.54,158,2.925925925925926
16600,100,55,0.55,115,2.0909090909090908
16700,100,51,0.51,120,2.3529411764705883
16800,100,53,0.53,118,2.2264150943396226
16900,100,52,0.52,143,2.75
17000,100,54,0.54,129,2.3888888888888888
17100,100,52,0.52,119,2.2884615384615383
17200,100,49,0.49,177,3.6122448979591835
17300,100,47,0.47,104,2.2127659574468086
17400,100,47,0.47,118,2.5106382978723403
17500,100,61,0.61,256,4.19672131147541
17600,100,52,0.52,137,2.6346153846153846
17700,100,53,0.53,106,2
17800,100,54,0.54,116,2.1481481481481484
17900,100,43,0.43,85,1.9767441860465116
18000,100,42,0.42,96,2.2857142857142856
18100,100,45,0.45,79,1.7555555555555555
18200,100,46,0.46,114,2.4782608695652173
18300,100,46,0.46,145,3.152173913043478
18400,100,57,0.57,113,1.9824561403508771
18500,100,47,0.47,448,9.53191489361702
18600,100,51,0.51,163,3.1960784313725492
18700,100,49,0.49,148,3.0204081632653059
18800,100,55,0.55,307,5.581818181818182
18900,100,46,0.46,93,2.0217391304347827
19000,100,54,0.54,148,2.7407407407407409
19100,100,45,0.45,79,1.7555555555555555
19200,100,48,0.48,136,2.8333333333333335
19300,100,51,0.51,109,2.1372549019607843
19400,100,47,0.47,159,3.3829787234042552
19500,100,55,0.55,133,2.418181818181818
19600,100,55,0.55,265,4.8181818181818183
19700,100,48,0.48,108,2.25
19800,100,51,0.51,146,2.8627450980392157
19900,100,44,0.44,94,2.1363636363636362
20000,100,45,0.45,139,3.088888888888889
20100,100,47,0.47,92,1.9574468085106382
20200,100,52,0.52,133,2.5576923076923075
20300,100,53,0.53,134,2.5283018867924527
20400,100,46,0.46,105,2.2826086956521738
20500,100,42,0.42,96,2.2857142857142856
20600,100,50,0.5,118,2.36
20700,100,59,0.59,149,2.5254237288135593
20800,100,55,0.55,118,2.1454545454545455
20900,100,47,0.47,112,2.3829787234042552
21000,100,50,0.5,114,2.28
21100,100,57,0.57,109,1.9122807017543859
21200,100,56,0.56,161,2.875
21300,100,61,0.61,140,2.2950819672131146
21400,100,55,0.55,121,2.2
21500,100,45,0.45,76,1.6888888888888889
21600,100,49,0.49,151,3.0816326530612246
21700,100,40,0.4,71,1.775
21800,100,45,0.45,105,2.3333333333333335
21900,100,48,0.48,128,2.6666666666666665
22000,100,50,0.5,119,2.38
22100,100,56,0.56,104,1.8571428571428572
22200,100,54,0.54,260,4.8148148148148149
22300,100,49,0.49,123,2.510204081632653
22400,100,44,0.44,91,2.0681818181818183
22500,100,52,0.52,140,2.6923076923076925
22600,100,45,0.45,106,2.3555555555555556
22700,100,39,0.39,71,1.8205128205128205
22800,100,45,0.45,85,1.8888888888888888
22900,100,47,0.47,139,2.9574468085106385
23000,100,45,0.45,77,1.711111111111111
23100,100,41,0.41,288,7.024390243902439
23200,100,37,0.37,87,2.3513513513513513
23300,100,48,0.48,206,4.291666666666667
23400,100,52,0.52,122,2.3461538461538463
23500,100,60,0.6,284,4.7333333333333334
23600,100,53,0.53,145,2.7358490566037736
23700,100,47,0.47,175,3.7234042553191489
23800,100,60,0.6,173,2.8833333333333333
23900,100,55,0.55,308,5.6
24000,100,48,0.48,79,1.6458333333333333
24100,100,46,0.46,99,2.152173913043478
24200,100,47,0.47,86,1.8297872340425532
24300,100,47,0.47,99,2.1063829787234041
24400,100,37,0.37,85,2.2972972972972974
24500,100,55,0.55,98,1.7818181818181817
24600,100,43,0.43,80,1.8604651162790697
24700,100,43,0.43,82,1.9069767441860466
24800,100,46,0.46,81,1.7608695652173914
24900,100,46,0.46,104,2.2608695652173911
25000,100,45,0.45,75,1.6666666666666667
25100,100,43,0.43,116,2.6976744186046511
25200,100,48,0.48,113,2.3541666666666665
25300,100,49,0.49,82,1.6734693877551021
25400,100,51,0.51,131,2.5686274509803924
25500,100,44,0.44,121,2.75
25600,100,53,0.53,258,4.867924528301887
25700,100,42,0.42,137,3.2619047619047619
25800,100,42,0.42,88,2.0952380952380953
25900,100,50,0.5,121,2.42
26000,100,56,0.56,117,2.0892857142857144
26100,100,55,0.55,137,2.4909090909090907
26200,100,56,0.56,107,1.9107142857142858
26300,100,43,0.43,81,1.8837209302325582
26400,100,46,0.46,201,4.3695652173913047
26500,100,45,0.45,92,2.0444444444444443
26600,100,44,0.44,170,3.8636363636363638
26700,100,39,0.39,81,2.0769230769230771
26800,100,44,0.44,111,2.5227272727272729
26900,100,48,0.48,95,1.9791666666666667
27000,100,34,0.34,61,1.7941176470588236
27100,100,43,0.43,100,2.3255813953488373
27200,100,43,0.43,73,1.6976744186046511
27300,100,56,0.56,114,2.0357142857142856
27400,100,49,0.49,189,3.8571428571428572
27500,100,47,0.47,86,1.8297872340425532
27600,100,52,0.52,115,2.2115384615384617
27700,100,45,0.45,103,2.2888888888888888
27800,100,43,0.43,122,2.8372093023255816
27900,100,55,0.55,111,2.0181818181818181
28000,100,45,0.45,143,3.1777777777777776
28100,100,47,0.47,76,1.6170212765957446
28200,100,48,0.48,133,2.7708333333333335
28300,100,44,0.44,78,1.7727272727272727
28400,100,43,0.43,248,5.7674418604651159
28500,100,46,0.46,91,1.9782608695652173
28600,100,46,0.46,131,2.847826086956522
28700,100,39,0.39,89,2.2820512820512819
28800,100,39,0.39,95,2.4358974358974357
28900,100,46,0.46,150,3.2608695652173911
29000,100,54,0.54,171,3.1666666666666665
29100,100,43,0.43,108,2.5116279069767442
29200,100,52,0.52,136,2.6153846153846154
29300,100,52,0.52,248,4.7692307692307692
29400,100,55,0.55,105,1.9090909090909092
29500,100,42,0.42,107,2.5476190476190474
29600,100,46,0.46,149,3.2391304347826089
29700,100,48,0.48,104,2.1666666666666665
29800,100,46,0.46,98,2.1304347826086958
29900,100,54,0.54,104,1.9259259259259258
30000,100,44,0.44,159,3.6136363636363638
30100,100,44,0.44,100,2.2727272727272729
30200,100,54,0.54,143,2.6481481481481484
30300,100,41,0.41,90,2.1951219512195124
30400,100,48,0.48,89,1.8541666666666667
30500,100,52,0.52,128,2.4615384615384617
30600,100,39,0.39,296,7.5897435897435894
30700,100,46,0.46,73,1.5869565217391304
30800,100,37,0.37,66,1.7837837837837838
30900,100,52,0.52,114,2.1923076923076925
31000,100,46,0.46,98,2.1304347826086958
31100,100,51,0.51,120,2.3529411764705883
31200,100,48,0.48,122,2.5416666666666665
31300,100,50,0.5,154,3.08
31400,100,46,0.46,104,2.2608695652173911
31500,100,56,0.56,144,2.5714285714285716
31600,100,50,0.5,197,3.94
31700,100,52,0.52,137,2.6346153846153846
31800,100,53,0.53,132,2.4905660377358489
31900,100,51,0.51,166,3.2549019607843137
32000,100,45,0.45,79,1.7555555555555555
32100,100,50,0.5,100,2
32200,100,40,0.4,177,4.425
32300,100,51,0.51,139,2.7254901960784315
32400,100,35,0.35,64,1.8285714285714285
32500,100,46,0.46,89,1.9347826086956521
32600,100,48,0.48,94,1.9583333333333333
32700,100,54,0.54,94,1.7407407407407407
32800,100,52,0.52,88,1.6923076923076923
32900,100,45,0.45,118,2.6222222222222222
33000,100,53,0.53,146,2.7547169811320753
33100,100,48,0.48,155,3.2291666666666665
33200,100,44,0.44,100,2.2727272727272729
33300,100,45,0.45,90,2
33400,100,43,0.43,79,1.8372093023255813
33500,100,46,0.46,95,2.0652173913043477
33600,100,54,0.54,114,2.1111111111111112
33700,100,54,0.54,150,2.7777777777777777
33800,100,53,0.53,140,2.641509433962264
33900,100,46,0.46,91,1.9782608695652173
34000,100,46,0.46,90,1.9565217391304348
34100,100,50,0.5,108,2.16
34200,100,49,0.49,128,2.6122448979591835
34300,100,58,0.58,104,1.7931034482758621
34400,100,45,0.45,96,2.1333333333333333
34500,100,53,0.53,106,2
34600,100,55,0.55,119,2.1636363636363636
34700,100,53,0.53,133,2.5094339622641511
34800,100,46,0.46,77,1.673913043478261
34900,100,52,0.52,106,2.0384615384615383
35000,100,57,0.57,120,2.1052631578947367
35100,100,52,0.52,183,3.5192307692307692
35200,100,43,0.43,85,1.9767441860465116
35300,100,56,0.56,176,3.1428571428571428
35400,100,50,0.5,231,4.62
35500,100,53,0.53,109,2.0566037735849059
35600,100,51,0.51,277,5.4313725490196081
35700,100,53,0.53,99,1.8679245283018868
35800,100,42,0.42,79,1.8809523809523809
35900,100,46,0.46,117,2.5434782608695654
36000,100,53,0.53,97,1.8301886792452831
36100,100,49,0.49,102,2.0816326530612246
36200,100,53,0.53,142,2.6792452830188678
36300,100,48,0.48,103,2.1458333333333335
36400,100,55,0.55,100,1.8181818181818181
36500,100,55,0.55,105,1.9090909090909092
36600,100,47,0.47,108,2.2978723404255321
36700,100,41,0.41,89,2.1707317073170733
36800,100,44,0.44,118,2.6818181818181817
36900,100,43,0.43,88,2.0465116279069768
37000,100,58,0.58,152,2.6206896551724137
37100,100,43,0.43,137,3.1860465116279069
37200,100,44,0.44,121,2.75
37300,100,51,0.51,134,2.6274509803921569
37400,100,47,0.47,153,3.25531914893617
37500,100,56,0.56,224,4
37600,100,43,0.43,81,1.8837209302325582
37700,100,47,0.47,109,2.3191489361702127
37800,100,38,0.38,78,2.0526315789473686
37900,100,47,0.47,93,1.9787234042553192
38000,100,52,0.52,130,2.5
38100,100,56,0.56,100,1.7857142857142858
38200,100,55,0.55,119,2.1636363636363636
38300,100,52,0.52,134,2.5769230769230771
38400,100,53,0.53,137,2.5849056603773586
38500,100,52,0.52,94,1.8076923076923077
38600,100,49,0.49,106,2.1632653061224492
38700,100,62,0.62,147,2.370967741935484
38800,100,53,0.53,102,1.9245283018867925
38900,100,51,0.51,95,1.8627450980392157
39000,100,49,0.49,109,2.2244897959183674
39100,100,55,0.55,168,3.0545454545454547
39200,100,53,0.53,115,2.1698113207547172
39300,100,49,0.49,88,1.7959183673469388
39400,100,46,0.46,97,2.1086956521739131
39500,100,50,0.5,152,3.04
39600,100,58,0.58,116,2
39700,100,46,0.46,110,2.3913043478260869
39800,100,58,0.58,137,2.3620689655172415
39900,100,46,0.46,116,2.5217391304347827
40000,100,53,0.53,97,1.8301886792452831
40100,100,51,0.51,180,3.5294117647058822
40200,100,46,0.46,77,1.673913043478261
40300,100,54,0.54,134,2.4814814814814814
40400,100,55,0.55,108,1.9636363636363636
40500,100,55,0.55,218,3.9636363636363638
40600,100,49,0.49,96,1.9591836734693877
40700,100,51,0.51,132,2.5882352941176472
40800,100,51,0.51,105,2.0588235294117645
40900,100,45,0.45,85,1.8888888888888888
41000,100,46,0.46,108,2.347826086956522
41100,100,59,0.59,126,2.1355932203389831
41200,100,54,0.54,159,2.9444444444444446
41300,100,51,0.51,104,2.0392156862745097
41400,100,52,0.52,123,2.3653846153846154
41500,100,48,0.48,110,2.2916666666666665
41600,100,55,0.55,171,3.1090909090909089
41700,100,56,0.56,199,3.5535714285714284
41800,100,53,0.53,124,2.3396226415094339
41900,100,54,0.54,103,1.9074074074074074
42000,100,52,0.52,114,2.1923076923076925
42100,100,45,0.45,75,1.6666666666666667
42200,100,52,0.52,147,2.8269230769230771
42300,100,51,0.51,131,2.5686274509803924
42400,100,53,0.53,114,2.1509433962264151
42500,100,53,0.53,111,2.0943396226415096
42600,100,48,0.48,81,1.6875
42700,100,64,0.64,133,2.078125
42800,100,59,0.59,115,1.9491525423728813
42900,100,50,0.5,137,2.74
43000,100,59,0.59,116,1.9661016949152543
43100,100,43,0.43,102,2.3720930232558142
43200,100,55,0.55,121,2.2
43300,100,43,0.43,80,1.8604651162790697
43400,100,52,0.52,101,1.9423076923076923
43500,100,53,0.53,198,3.7358490566037736
43600,100,59,0.59,124,2.1016949152542375
43700,100,58,0.58,139,2.396551724137931
43800,100,51,0.51,96,1.8823529411764706
43900,100,58,0.58,393,6.7758620689655169
44000,100,46,0.46,109,2.3695652173913042
44100,100,53,0.53,145,2.7358490566037736
44200,100,55,0.55,102,1.8545454545454545
44300,100,53,0.53,134,2.5283018867924527
44400,100,50,0.5,102,2.04
44500,100,58,0.58,194,3.3448275862068964
44600,100,46,0.46,110,2.3913043478260869
44700,100,44,0.44,82,1.8636363636363635
44800,100,56,0.56,114,2.0357142857142856
44900,100,43,0.43,71,1.6511627906976745
45000,100,49,0.49,136,2.7755102040816326
45100,100,53,0.53,106,2
45200,100,51,0.51,141,2.7647058823529411
45300,100,46,0.46,70,1.5217391304347827
45400,100,55,0.55,149,2.709090909090909
45500,100,47,0.47,110,2.3404255319148937
45600,100,43,0.43,89,2.0697674418604652
45700,100,54,0.54,114,2.1111111111111112
45800,100,46,0.46,87,1.8913043478260869
45900,100,51,0.51,95,1.8627450980392157
46000,100,46,0.46,144,3.1304347826086958
46100,100,45,0.45,123,2.7333333333333334
46200,100,44,0.44,187,4.25
46300,100,46,0.46,83,1.8043478260869565
46400,100,52,0.52,87,1.6730769230769231
46500,100,43,0.43,78,1.8139534883720929
46600,100,57,0.57,98,1.7192982456140351
46700,100,47,0.47,114,2.4255319148936172
46800,100,59,0.59,138,2.3389830508474576
46900,100,57,0.57,105,1.8421052631578947
47000,100,53,0.53,102,1.9245283018867925
47100,100,55,0.55,104,1.8909090909090909
47200,100,53,0.53,131,2.4716981132075473
47300,100,51,0.51,107,2.0980392156862746
47400,100,45,0.45,125,2.7777777777777777
47500,100,52,0.52,107,2.0576923076923075
47600,100,48,0.48,94,1.9583333333333333
47700,100,46,0.46,320,6.9565217391304346
47800,100,36,0.36,69,1.9166666666666667
47900,100,53,0.53,196,3.69811320754717
48000,100,48,0.48,116,2.4166666666666665
48100,100,49,0.49,109,2.2244897959183674
48200,100,48,0.48,136,2.8333333333333335
48300,100,46,0.46,114,2.4782608695652173
48400,100,57,0.57,181,3.1754385964912282
48500,100,48,0.48,72,1.5
48600,100,53,0.53,124,2.3396226415094339
48700,100,50,0.5,121,2.42
48800,100,42,0.42,75,1.7857142857142858
48900,100,42,0.42,94,2.2380952380952381
49000,100,51,0.51,102,2
49100,100,48,0.48,97,2.0208333333333335
49200,100,51,0.51,107,2.0980392156862746
49300,100,42,0.42,75,1.7857142857142858
49400,100,50,0.5,83,1.66
49500,100,52,0.52,134,2.5769230769230771
49600,100,53,0.53,97,1.8301886792452831
49700,100,36,0.36,52,1.4444444444444444
49800,100,46,0.46,376,8.1739130434782616
49900,100,52,0.52,96,1.8461538461538463
50000,100,53,0.53,98,1.8490566037735849
50100,100,42,0.42,83,1.9761904761904763
50200,100,50,0.5,93,1.86
50300,100,45,0.45,78,1.7333333333333334
50400,100,41,0.41,71,1.7317073170731707
50500,100,43,0.43,128,2.9767441860465116
50600,100,43,0.43,117,2.7209302325581395
50700,100,49,0.49,77,1.5714285714285714
50800,100,49,0.49,96,1.9591836734693877
50900,100,46,0.46,98,2.1304347826086958
51000,100,48,0.48,98,2.0416666666666665
51100,100,53,0.53,98,1.8490566037735849
51200,100,45,0.45,160,3.5555555555555554
51300,100,57,0.57,121,2.1228070175438596
51400,100,40,0.4,70,1.75
51500,100,47,0.47,126,2.6808510638297873
51600,100,56,0.56,150,2.6785714285714284
51700,100,46,0.46,83,1.8043478260869565
51800,100,45,0.45,83,1.8444444444444446
51900,100,38,0.38,88,2.3157894736842106
52000,100,40,0.4,211,5.275
52100,100,45,0.45,92,2.0444444444444443
52200,100,52,0.52,207,3.9807692307692308
52300,100,53,0.53,97,1.8301886792452831
52400,100,42,0.42,205,4.8809523809523814
52500,100,54,0.54,108,2
52600,100,45,0.45,79,1.7555555555555555
52700,100,48,0.48,104,2.1666666666666665
52800,100,46,0.46,78,1.6956521739130435
52900,100,56,0.56,149,2.6607142857142856
53000,100,43,0.43,91,2.1162790697674421
53100,100,56,0.56,115,2.0535714285714284
53200,100,44,0.44,80,1.8181818181818181
53300,100,52,0.52,106,2.0384615384615383
53400,100,46,0.46,113,2.4565217391304346
53500,100,32,0.32,65,2.03125
53600,100,44,0.44,87,1.9772727272727273
53700,100,46,0.46,133,2.8913043478260869
53800,100,59,0.59,134,2.2711864406779663
53900,100,49,0.49,75,1.5306122448979591
54000,100,52,0.52,107,2.0576923076923075
54100,100,54,0.54,133,2.4629629629629628
54200,100,53,0.53,110,2.0754716981132075
54300,100,40,0.4,100,2.5
54400,100,44,0.44,102,2.3181818181818183
54500,100,49,0.49,106,2.1632653061224492
54600,100,50,0.5,108,2.16
54700,100,40,0.4,129,3.225
54800,100,45,0.45,81,1.8
54900,100,45,0.45,75,1.6666666666666667
55000,100,48,0.48,131,2.7291666666666665
55100,100,51,0.51,117,2.2941176470588234
55200,100,45,0.45,111,2.4666666666666668
55300,100,48,0.48,108,2.25
55400,100,53,0.53,97,1.8301886792452831
55500,100,48,0.48,154,3.2083333333333335
55600,100,45,0.45,95,2.1111111111111112
55700,100,44,0.44,92,2.0909090909090908
55800,100,48,0.48,126,2.625
55900,100,45,0.45,145,3.2222222222222223
56000,100,49,0.49,103,2.1020408163265305
56100,100,43,0.43,68,1.5813953488372092
56200,100,50,0.5,97,1.94
56300,100,64,0.64,147,2.296875
56400,100,47,0.47,97,2.0638297872340425
56500,100,58,0.58,123,2.1206896551724137
56600,100,55,0.55,111,2.0181818181818181
56700,100,52,0.52,100,1.9230769230769231
56800,100,56,0.56,126,2.25
56900,100,51,0.51,103,2.0196078431372548
57000,100,57,0.57,111,1.9473684210526316
57100,100,58,0.58,154,2.6551724137931036
57200,100,47,0.47,102,2.1702127659574466
57300,100,59,0.59,223,3.7796610169491527
57400,100,49,0.49,129,2.63265306122449
57500,100,53,0.53,134,2.5283018867924527
57600,100,42,0.42,197,4.6904761904761907
57700,100,49,0.49,94,1.9183673469387754
57800,100,55,0.55,116,2.1090909090909089
57900,100,56,0.56,83,1.4821428571428572
58000,100,58,0.58,153,2.6379310344827585
58100,100,56,0.56,114,2.0357142857142856
58200,100,46,0.46,90,1.9565217391304348
58300,100,54,0.54,182,3.3703703703703702
58400,100,49,0.49,101,2.0612244897959182
58500,100,51,0.51,131,2.5686274509803924
58600,100,46,0.46,180,3.9130434782608696
58700,100,38,0.38,72,1.8947368421052631
58800,100,49,0.49,101,2.0612244897959182
58900,100,36,0.36,59,1.6388888888888888
59000,100,39,0.39,67,1.7179487179487178
59100,100,48,0.48,118,2.4583333333333335
59200,100,59,0.59,174,2.9491525423728815
59300,100,48,0.48,110,2.2916666666666665
59400,100,55,0.55,154,2.8
59500,100,35,0.35,91,2.6
59600,100,47,0.47,117,2.4893617021276597
59700,100,50,0.5,97,1.94
59800,100,40,0.4,100,2.5
59900,100,44,0.44,90,2.0454545454545454
60000,100,54,0.54,149,2.7592592592592591
60100,100,47,0.47,73,1.553191489361702
60200,100,50,0.5,97,1.94
60300,100,49,0.49,87,1.7755102040816326
60400,100,40,0.4,76,1.9
60500,100,49,0.49,80,1.6326530612244898
60600,100,40,0.4,81,2.025
60700,100,56,0.56,118,2.1071428571428572
60800,100,48,0.48,199,4.145833333333333
60900,100,51,0.51,133,2.607843137254902
61000,100,48,0.48,105,2.1875
61100,100,48,0.48,119,2.4791666666666665
61200,100,44,0.44,89,2.0227272727272729
61300,100,45,0.45,115,2.5555555555555554
61400,100,43,0.43,122,2.8372093023255816
61500,100,48,0.48,157,3.2708333333333335
61600,100,55,0.55,130,2.3636363636363638
61700,100,46,0.46,103,2.2391304347826089
61800,100,45,0.45,74,1.6444444444444444
61900,100,59,0.59,131,2.2203389830508473
62000,100,39,0.39,96,2.4615384615384617
62100,100,49,0.49,123,2.510204081632653
62200,100,48,0.48,106,2.2083333333333335
62300,100,49,0.49,113,2.306122448979592
62400,100,43,0.43,106,2.4651162790697674
62500,100,53,0.53,139,2.6226415094339623
62600,100,47,0.47,78,1.6595744680851063
62700,100,37,0.37,84,2.27027027027027
62800,100,46,0.46,110,2.3913043478260869
62900,100,48,0.48,93,1.9375
63000,100,46,0.46,76,1.6521739130434783
63100,100,46,0.46,102,2.2173913043478262
63200,100,52,0.52,91,1.75
63300,100,46,0.46,88,1.9130434782608696
63400,100,47,0.47,98,2.0851063829787235
63500,100,50,0.5,94,1.88
63600,100,44,0.44,71,1.6136363636363635
63700,100,43,0.43,146,3.3953488372093021
63800,100,53,0.53,85,1.6037735849056605
63900,100,52,0.52,115,2.2115384615384617
64000,100,54,0.54,157,2.9074074074074074
64100,100,49,0.49,109,2.2244897959183674
64200,100,52,0.52,103,1.9807692307692308
64300,100,46,0.46,75,1.6304347826086956
64400,100,54,0.54,115,2.1296296296296298
64500,100,43,0.43,96,2.2325581395348837
64600,100,46,0.46,98,2.1304347826086958
64700,100,54,0.54,210,3.8888888888888888
64800,100,54,0.54,129,2.3888888888888888
64900,100,55,0.55,109,1.9818181818181819
65000,100,44,0.44,86,1.9545454545454546
65100,100,48,0.48,101,2.1041666666666665
65200,100,49,0.49,102,2.0816326530612246
65300,100,55,0.55,98,1.7818181818181817
65400,100,52,0.52,104,2
65500,100,45,0.45,67,1.4888888888888889
65600,100,50,0.5,116,2.32
65700,100,67,0.67,133,1.9850746268656716
65800,100,50,0.5,99,1.98
65900,100,45,0.45,80,1.7777777777777777
66000,100,56,0.56,109,1.9464285714285714
66100,100,44,0.44,80,1.8181818181818181
66200,100,50,0.5,82,1.64
66300,100,42,0.42,86,2.0476190476190474
66400,100,46,0.46,85,1.8478260869565217
66500,100,44,0.44,86,1.9545454545454546
66600,100,49,0.49,110,2.2448979591836733
66700,100,47,0.47,121,2.5744680851063828
66800,100,43,0.43,79,1.8372093023255813
66900,100,41,0.41,148,3.6097560975609757
67000,100,50,0.5,113,2.26
67100,100,45,0.45,81,1.8
67200,100,56,0.56,179,3.1964285714285716
67300,100,40,0.4,95,2.375
67400,100,45,0.45,82,1.8222222222222222
67500,100,55,0.55,119,2.1636363636363636
67600,100,52,0.52,100,1.9230769230769231
67700,100,52,0.52,119,2.2884615384615383
67800,100,50,0.5,84,1.68
67900,100,47,0.47,102,2.1702127659574466
68000,100,55,0.55,88,1.6
68100,100,52,0.52,122,2.3461538461538463
68200,100,49,0.49,88,1.7959183673469388
68300,100,51,0.51,120,2.3529411764705883
68400,100,53,0.53,108,2.0377358490566038
68500,100,52,0.52,104,2
68600,100,51,0.51,124,2.4313725490196076
68700,100,50,0.5,85,1.7
68800,100,50,0.5,91,1.82
68900,100,44,0.44,101,2.2954545454545454
69000,100,47,0.47,107,2.2765957446808511
69100,100,50,0.5,85,1.7
69200,100,49,0.49,167,3.4081632653061225
69300,100,49,0.49,118,2.4081632653061225
69400,100,53,0.53,182,3.4339622641509435
69500,100,50,0.5,84,1.68
69600,100,54,0.54,239,4.4259259259259256
69700,100,48,0.48,89,1.8541666666666667
69800,100,42,0.42,77,1.8333333333333333
69900,100,51,0.51,93,1.8235294117647058
70000,100,48,0.48,75,1.5625
70100,100,56,0.56,110,1.9642857142857142
70200,100,58,0.58,116,2
70300,100,47,0.47,67,1.425531914893617
70400,100,48,0.48,119,2.4791666666666665
70500,100,43,0.43,81,1.8837209302325582
70600,100,43,0.43,137,3.1860465116279069
70700,100,42,0.42,93,2.2142857142857144
70800,100,57,0.57,114,2
70900,100,53,0.53,149,2.8113207547169812
71000,100,49,0.49,92,1.8775510204081634
71100,100,47,0.47,99,2.1063829787234041
71200,100,59,0.59,120,2.0338983050847457
71300,100,41,0.41,70,1.7073170731707317
71400,100,47,0.47,80,1.7021276595744681
71500,100,41,0.41,72,1.7560975609756098
71600,100,46,0.46,95,2.0652173913043477
71700,100,44,0.44,100,2.2727272727272729
71800,100,51,0.51,106,2.0784313725490198
71900,100,53,0.53,107,2.0188679245283021
72000,100,37,0.37,55,1.4864864864864864
72100,100,51,0.51,88,1.7254901960784315
72200,100,49,0.49,104,2.1224489795918369
72300,100,45,0.45,71,1.5777777777777777
72400,100,55,0.55,121,2.2
72500,100,45,0.45,137,3.0444444444444443
72600,100,50,0.5,99,1.98
72700,100,46,0.46,84,1.826086956521739
72800,100,44,0.44,94,2.1363636363636362
72900,100,52,0.52,85,1.6346153846153846
73000,100,54,0.54,183,3.3888888888888888
73100,100,52,0.52,161,3.0961538461538463
73200,100,51,0.51,115,2.2549019607843137
73300,100,50,0.5,89,1.78
73400,100,49,0.49,108,2.204081632653061
73500,100,58,0.58,118,2.0344827586206895
73600,100,44,0.44,90,2.0454545454545454
73700,100,53,0.53,144,2.7169811320754715
73800,100,48,0.48,109,2.2708333333333335
73900,100,48,0.48,105,2.1875
74000,100,54,0.54,125,2.3148148148148149
74100,100,50,0.5,98,1.96
74200,100,45,0.45,113,2.5111111111111111
74300,100,44,0.44,84,1.9090909090909092
74400,100,50,0.5,83,1.66
74500,100,48,0.48,88,1.8333333333333333
74600,100,52,0.52,99,1.9038461538461537
74700,100,49,0.49,90,1.8367346938775511
74800,100,42,0.42,91,2.1666666666666665
74900,100,52,0.52,138,2.6538461538461537
75000,100,50,0.5,101,2.02
75100,100,46,0.46,105,2.2826086956521738
75200,100,48,0.48,87,1.8125
75300,100,52,0.52,108,2.0769230769230771
75400,100,50,0.5,131,2.62
75500,100,36,0.36,64,1.7777777777777777
75600,100,54,0.54,123,2.2777777777777777
75700,100,39,0.39,72,1.8461538461538463
75800,100,38,0.38,137,3.6052631578947367
75900,100,37,0.37,61,1.6486486486486487
76000,100,51,0.51,88,1.7254901960784315
76100,100,35,0.35,51,1.4571428571428571
76200,100,48,0.48,80,1.6666666666666667
76300,100,46,0.46,111,2.4130434782608696
76400,100,48,0.48,75,1.5625
76500,100,47,0.47,93,1.9787234042553192
76600,100,49,0.49,89,1.8163265306122449
76700,100,51,0.51,127,2.4901960784313726
76800,100,46,0.46,147,3.1956521739130435
76900,100,42,0.42,106,2.5238095238095237
77000,100,56,0.56,151,2.6964285714285716
77100,100,41,0.41,92,2.2439024390243905
77200,100,50,0.5,158,3.16
77300,100,39,0.39,116,2.9743589743589745
77400,100,49,0.49,164,3.3469387755102042
77500,100,45,0.45,103,2.2888888888888888
77600,100,42,0.42,100,2.3809523809523809
77700,100,51,0.51,91,1.7843137254901962
77800,100,51,0.51,117,2.2941176470588234
77900,100,52,0.52,119,2.2884615384615383
78000,100,42,0.42,72,1.7142857142857142
78100,100,46,0.46,98,2.1304347826086958
78200,100,40,0.4,73,1.825
78300,100,45,0.45,107,2.3777777777777778
78400,100,48,0.48,78,1.625
78500,100,47,0.47,105,2.2340425531914891
78600,100,49,0.49,85,1.7346938775510203
78700,100,49,0.49,89,1.8163265306122449
78800,100,56,0.56,123,2.1964285714285716
78900,100,55,0.55,105,1.9090909090909092
79000,100,46,0.46,107,2.3260869565217392
79100,100,42,0.42,82,1.9523809523809523
79200,100,48,0.48,109,2.2708333333333335
79300,100,46,0.46,95,2.0652173913043477
79400,100,50,0.5,133,2.66
79500,100,38,0.38,67,1.763157894736842
79600,100,57,0.57,117,2.0526315789473686
79700,100,49,0.49,130,2.6530612244897958
79800,100,49,0.49,102,2.0816326530612246
79900,100,58,0.58,117,2.0172413793103448
80000,100,47,0.47,97,2.0638297872340425
80100,100,52,0.52,108,2.0769230769230771
80200,100,42,0.42,74,1.7619047619047619
80300,100,48,0.48,129,2.6875
80400,100,50,0.5,109,2.18
80500,100,44,0.44,116,2.6363636363636362
80600,100,50,0.5,109,2.18
80700,100,46,0.46,90,1.9565217391304348
80800,100,54,0.54,88,1.6296296296296295
80900,100,53,0.53,98,1.8490566037735849
81000,100,38,0.38,86,2.263157894736842
81100,100,46,0.46,91,1.9782608695652173
81200,100,43,0.43,71,1.6511627906976745
81300,100,43,0.43,70,1.6279069767441861
81400,100,47,0.47,102,2.1702127659574466
81500,100,38,0.38,70,1.8421052631578947
81600,100,43,0.43,70,1.6279069767441861
81700,100,47,0.47,66,1.4042553191489362
81800,100,51,0.51,100,1.9607843137254901
81900,100,54,0.54,118,2.1851851851851851
82000,100,49,0.49,90,1.8367346938775511
82100,100,50,0.5,85,1.7
82200,100,47,0.47,139,2.9574468085106385
82300,100,41,0.41,106,2.5853658536585367
82400,100,54,0.54,99,1.8333333333333333
82500,100,37,0.37,75,2.0270270270270272
82600,100,42,0.42,75,1.7857142857142858
82700,100,46,0.46,106,2.3043478260869565
82800,100,50,0.5,114,2.28
82900,100,53,0.53,145,2.7358490566037736
83000,100,41,0.41,74,1.8048780487804879
83100,100,51,0.51,97,1.9019607843137254
83200,100,42,0.42,81,1.9285714285714286
83300,100,49,0.49,77,1.5714285714285714
83400,100,47,0.47,74,1.574468085106383
83500,100,49,0.49,84,1.7142857142857142
83600,100,49,0.49,90,1.8367346938775511
83700,100,57,0.57,127,2.2280701754385963
83800,100,48,0.48,112,2.3333333333333335
83900,100,43,0.43,89,2.0697674418604652
84000,100,37,0.37,77,2.0810810810810811
84100,100,41,0.41,102,2.4878048780487805
84200,100,50,0.5,89,1.78
84300,100,46,0.46,112,2.4347826086956523
84400,100,44,0.44,72,1.6363636363636365
84500,100,53,0.53,124,2.3396226415094339
84600,100,38,0.38,76,2
84700,100,48,0.48,81,1.6875
84800,100,44,0.44,120,2.7272727272727271
84900,100,53,0.53,121,2.2830188679245285
85000,100,48,0.48,87,1.8125
85100,100,45,0.45,96,2.1333333333333333
85200,100,47,0.47,86,1.8297872340425532
85300,100,52,0.52,80,1.5384615384615385
85400,100,50,0.5,104,2.08
85500,100,45,0.45,74,1.6444444444444444
85600,100,48,0.48,96,2
85700,100,48,0.48,128,2.6666666666666665
85800,100,61,0.61,115,1.8852459016393444
85900,100,47,0.47,99,2.1063829787234041
86000,100,44,0.44,56,1.2727272727272727
86100,100,43,0.43,76,1.7674418604651163
86200,100,45,0.45,74,1.6444444444444444
86300,100,49,0.49,83,1.6938775510204083
86400,100,57,0.57,169,2.9649122807017543
86500,100,45,0.45,86,1.9111111111111112
86600,100,48,0.48,106,2.2083333333333335
86700,100,46,0.46,92,2
86800,100,57,0.57,107,1.8771929824561404
86900,100,45,0.45,63,1.4
87000,100,55,0.55,107,1.9454545454545455
87100,100,44,0.44,86,1.9545454545454546
87200,100,49,0.49,74,1.510204081632653
87300,100,55,0.55,96,1.7454545454545454
87400,100,51,0.51,115,2.2549019607843137
87500,100,49,0.49,105,2.1428571428571428
87600,100,59,0.59,124,2.1016949152542375
87700,100,40,0.4,84,2.1
87800,100,48,0.48,96,2
87900,100,46,0.46,74,1.6086956521739131
88000,100,46,0.46,209,4.5434782608695654
88100,100,54,0.54,133,2.4629629629629628
88200,100,47,0.47,84,1.7872340425531914
88300,100,48,0.48,101,2.1041666666666665
88400,100,49,0.49,76,1.5510204081632653
88500,100,50,0.5,127,2.54
88600,100,52,0.52,111,2.1346153846153846
88700,100,42,0.42,80,1.9047619047619047
88800,100,46,0.46,87,1.8913043478260869
88900,100,48,0.48,101,2.1041666666666665
89000,100,50,0.5,95,1.9
89100,100,47,0.47,129,2.74468085106383
89200,100,44,0.44,77,1.75
89300,100,47,0.47,79,1.6808510638297873
89400,100,48,0.48,106,2.2083333333333335
89500,100,48,0.48,96,2
89600,100,48,0.48,98,2.0416666666666665
89700,100,39,0.39,53,1.358974358974359
89800,100,44,0.44,86,1.9545454545454546
89900,100,51,0.51,100,1.9607843137254901
90000,100,55,0.55,126,2.290909090909091
90100,100,38,0.38,97,2.5526315789473686
90200,100,44,0.44,77,1.75
90300,100,46,0.46,96,2.0869565217391304
90400,100,42,0.42,124,2.9523809523809526
90500,100,48,0.48,103,2.1458333333333335
90600,100,41,0.41,83,2.024390243902439
90700,100,55,0.55,108,1.9636363636363636
90800,100,48,0.48,104,2.1666666666666665
90900,100,56,0.56,111,1.9821428571428572
91000,100,48,0.48,108,2.25
91100,100,50,0.5,82,1.64
91200,100,42,0.42,61,1.4523809523809523
91300,100,47,0.47,95,2.021276595744681
91400,100,47,0.47,84,1.7872340425531914
91500,100,44,0.44,87,1.9772727272727273
91600,100,42,0.42,85,2.0238095238095237
91700,100,50,0.5,101,2.02
91800,100,46,0.46,84,1.826086956521739
91900,100,53,0.53,127,2.3962264150943398
92000,100,47,0.47,64,1.3617021276595744
92100,100,44,0.44,84,1.9090909090909092
92200,100,44,0.44,82,1.8636363636363635
92300,100,46,0.46,70,1.5217391304347827
92400,100,45,0.45,82,1.8222222222222222
92500,100,52,0.52,85,1.6346153846153846
92600,100,48,0.48,113,2.3541666666666665
92700,100,54,0.54,79,1.462962962962963
92800,100,43,0.43,78,1.8139534883720929
92900,100,48,0.48,93,1.9375
93000,100,56,0.56,103,1.8392857142857142
93100,100,48,0.48,99,2.0625
93200,100,37,0.37,74,2
93300,100,54,0.54,101,1.8703703703703705
93400,100,42,0.42,78,1.8571428571428572
93500,100,36,0.36,102,2.8333333333333335
93600,100,48,0.48,113,2.3541666666666665
93700,100,42,0.42,74,1.7619047619047619
93800,100,43,0.43,108,2.5116279069767442
93900,100,48,0.48,105,2.1875
94000,100,47,0.47,82,1.7446808510638299
94100,100,43,0.43,92,2.13953488372093
94200,100,47,0.47,76,1.6170212765957446
94300,100,45,0.45,85,1.8888888888888888
94400,100,50,0.5,92,1.84
94500,100,46,0.46,97,2.1086956521739131
94600,100,49,0.49,113,2.306122448979592
94700,100,52,0.52,104,2
94800,100,44,0.44,70,1.5909090909090908
94900,100,57,0.57,109,1.9122807017543859
95000,100,50,0.5,94,1.88
95100,100,50,0.5,113,2.26
95200,100,50,0.5,101,2.02
95300,100,54,0.54,109,2.0185185185185186
95400,100,47,0.47,85,1.8085106382978724
95500,100,44,0.44,72,1.6363636363636365
95600,100,41,0.41,111,2.7073170731707319
95700,100,51,0.51,88,1.7254901960784315
95800,100,43,0.43,82,1.9069767441860466
95900,100,47,0.47,94,2
96000,100,50,0.5,99,1.98
96100,100,41,0.41,71,1.7317073170731707
96200,100,48,0.48,143,2.9791666666666665
96300,100,46,0.46,94,2.0434782608695654
96400,100,56,0.56,130,2.3214285714285716
96500,100,58,0.58,105,1.8103448275862069
96600,100,48,0.48,112,2.3333333333333335
96700,100,48,0.48,95,1.9791666666666667
96800,100,45,0.45,80,1.7777777777777777
96900,100,51,0.51,81,1.588235294117647
97000,100,50,0.5,84,1.68
97100,100,42,0.42,77,1.8333333333333333
97200,100,52,0.52,110,2.1153846153846154
97300,100,50,0.5,98,1.96
97400,100,45,0.45,92,2.0444444444444443
97500,100,48,0.48,125,2.6041666666666665
97600,100,50,0.5,103,2.06
97700,100,36,0.36,57,1.5833333333333333
97800,100,49,0.49,95,1.9387755102040816
97900,100,54,0.54,129,2.3888888888888888
98000,100,43,0.43,98,2.2790697674418605
98100,100,50,0.5,111,2.22
98200,100,44,0.44,83,1.8863636363636365
98300,100,37,0.37,69,1.8648648648648649
98400,100,45,0.45,82,1.8222222222222222
98500,100,47,0.47,112,2.3829787234042552
98600,100,44,0.44,87,1.9772727272727273
98700,100,38,0.38,78,2.0526315789473686
98800,100,41,0.41,76,1.8536585365853659
98900,100,50,0.5,87,1.74
99000,100,44,0.44,71,1.6136363636363635
99100,100,50,0.5,89,1.78
99200,100,34,0.34,57,1.6764705882352942
99300,100,52,0.52,103,1.9807692307692308
99400,100,52,0.52,117,2.25
99500,100,41,0.41,106,2.5853658536585367
99600,100,50,0.5,95,1.9
99700,100,40,0.4,62,1.55
99800,100,38,0.38,60,1.5789473684210527
99900,100,53,0.53,110,2.0754716981132075
100000,100,35,0.35,47,1.3428571428571427
100100,100,46,0.46,107,2.3260869565217392
100200,100,49,0.49,75,1.5306122448979591
100300,100,42,0.42,97,2.3095238095238093
100400,100,49,0.49,97,1.9795918367346939
100500,100,43,0.43,75,1.7441860465116279
100600,100,45,0.45,68,1.5111111111111111
100700,100,39,0.39,78,2
100800,100,47,0.47,89,1.8936170212765957
100900,100,36,0.36,55,1.5277777777777777
101000,100,41,0.41,73,1.7804878048780488
101100,100,42,0.42,81,1.9285714285714286
101200,100,42,0.42,61,1.4523809523809523
101300,100,39,0.39,81,2.0769230769230771
101400,100,46,0.46,148,3.2173913043478262
101500,100,42,0.42,68,1.6190476190476191
101600,100,48,0.48,87,1.8125
101700,100,49,0.49,81,1.653061224489796
101800,100,52,0.52,105,2.0192307692307692
101900,100,40,0.4,79,1.975
102000,100,40,0.4,69,1.725
102100,100,43,0.43,79,1.8372093023255813
102200,100,41,0.41,92,2.2439024390243905
102300,100,46,0.46,75,1.6304347826086956
102400,100,50,0.5,99,1.98
102500,100,39,0.39,89,2.2820512820512819
102600,100,41,0.41,92,2.2439024390243905
102700,100,41,0.41,84,2.0487804878048781
102800,100,46,0.46,77,1.673913043478261
102900,100,43,0.43,80,1.8604651162790697
103000,100,44,0.44,107,2.4318181818181817
103100,100,44,0.44,85,1.9318181818181819
103200,100,43,0.43,108,2.5116279069767442
103300,100,53,0.53,102,1.9245283018867925
103400,100,40,0.4,55,1.375
103500,100,43,0.43,94,2.1860465116279069
103600,100,56,0.56,97,1.7321428571428572
103700,100,47,0.47,88,1.8723404255319149
103800,100,43,0.43,85,1.9767441860465116
103900,100,50,0.5,109,2.18
104000,100,42,0.42,85,2.0238095238095237
104100,100,48,0.48,104,2.1666666666666665
104200,100,42,0.42,82,1.9523809523809523
104300,100,46,0.46,59,1.2826086956521738
104400,100,42,0.42,67,1.5952380952380953
104500,100,47,0.47,100,2.1276595744680851
104600,100,44,0.44,64,1.4545454545454546
104700,100,52,0.52,118,2.2692307692307692
104800,100,45,0.45,93,2.0666666666666669
104900,100,43,0.43,63,1.4651162790697674
105000,100,62,0.62,145,2.338709677419355
105100,100,42,0.42,70,1.6666666666666667
105200,100,41,0.41,73,1.7804878048780488
105300,100,44,0.44,88,2
105400,100,41,0.41,89,2.1707317073170733
105500,100,44,0.44,58,1.3181818181818181
105600,100,39,0.39,53,1.358974358974359
105700,100,51,0.51,96,1.8823529411764706
105800,100,44,0.44,86,1.9545454545454546
105900,100,42,0.42,75,1.7857142857142858
106000,100,47,0.47,91,1.9361702127659575
106100,100,49,0.49,87,1.7755102040816326
106200,100,48,0.48,98,2.0416666666666665
106300,100,55,0.55,107,1.9454545454545455
106400,100,52,0.52,74,1.4230769230769231
106500,100,46,0.46,77,1.673913043478261
106600,100,48,0.48,82,1.7083333333333333
106700,100,54,0.54,79,1.462962962962963
106800,100,48,0.48,94,1.9583333333333333
106900,100,51,0.51,95,1.8627450980392157
107000,100,36,0.36,65,1.8055555555555556
107100,100,53,0.53,112,2.1132075471698113
107200,100,37,0.37,77,2.0810810810810811
107300,100,41,0.41,74,1.8048780487804879
107400,100,48,0.48,101,2.1041666666666665
107500,100,46,0.46,84,1.826086956521739
107600,100,40,0.4,63,1.575
107700,100,48,0.48,95,1.9791666666666667
107800,100,47,0.47,71,1.5106382978723405
107900,100,45,0.45,77,1.711111111111111
108000,100,48,0.48,94,1.9583333333333333
108100,100,48,0.48,102,2.125
108200,100,48,0.48,82,1.7083333333333333
108300,100,43,0.43,77,1.7906976744186047
108400,100,42,0.42,81,1.9285714285714286
108500,100,51,0.51,87,1.7058823529411764
108600,100,39,0.39,67,1.7179487179487178
108700,100,44,0.44,80,1.8181818181818181
108800,100,39,0.39,70,1.7948717948717949
108900,100,40,0.4,63,1.575
109000,100,36,0.36,49,1.3611111111111112
109100,100,49,0.49,83,1.6938775510204083
109200,100,42,0.42,80,1.9047619047619047
109300,100,44,0.44,76,1.7272727272727273
109400,100,31,0.31,62,2
109500,100,38,0.38,65,1.7105263157894737
109600,100,42,0.42,82,1.9523809523809523
109700,100,40,0.4,74,1.85
109800,100,45,0.45,85,1.8888888888888888
109900,100,44,0.44,77,1.75
110000,100,37,0.37,54,1.4594594594594594
110100,100,36,0.36,77,2.1388888888888888
110200,100,46,0.46,74,1.6086956521739131
110300,100,47,0.47,93,1.9787234042553192
110400,100,32,0.32,47,1.46875
110500,100,52,0.52,110,2.1153846153846154
110600,100,52,0.52,124,2.3846153846153846
110700,100,42,0.42,104,2.4761904761904763
110800,100,44,0.44,65,1.4772727272727273
110900,100,39,0.39,67,1.7179487179487178
111000,100,46,0.46,77,1.673913043478261
111100,100,50,0.5,176,3.52
111200,100,49,0.49,94,1.9183673469387754
111300,100,48,0.48,117,2.4375
111400,100,47,0.47,105,2.2340425531914891
111500,100,45,0.45,109,2.4222222222222221
111600,100,49,0.49,77,1.5714285714285714
111700,100,43,0.43,83,1.930232558139535
111800,100,52,0.52,93,1.7884615384615385
111900,100,44,0.44,80,1.8181818181818181
112000,100,41,0.41,64,1.5609756097560976
112100,100,42,0.42,71,1.6904761904761905
112200,100,43,0.43,59,1.3720930232558139
112300,100,39,0.39,53,1.358974358974359
112400,100,41,0.41,84,2.0487804878048781
112500,100,57,0.57,179,3.1403508771929824
112600,100,46,0.46,75,1.6304347826086956
112700,100,58,0.58,102,1.7586206896551724
112800,100,48,0.48,75,1.5625
112900,100,47,0.47,73,1.553191489361702
113000,100,44,0.44,73,1.6590909090909092
113100,100,37,0.37,69,1.8648648648648649
113200,100,46,0.46,101,2.1956521739130435
113300,100,52,0.52,94,1.8076923076923077
113400,100,54,0.54,103,1.9074074074074074
113500,100,49,0.49,87,1.7755102040816326
113600,100,41,0.41,64,1.5609756097560976
113700,100,42,0.42,81,1.9285714285714286
113800,100,43,0.43,102,2.3720930232558142
113900,100,40,0.4,83,2.075
114000,100,48,0.48,108,2.25
114100,100,43,0.43,76,1.7674418604651163
114200,100,48,0.48,82,1.7083333333333333
114300,100,49,0.49,88,1.7959183673469388
114400,100,44,0.44,97,2.2045454545454546
114500,100,45,0.45,95,2.1111111111111112
114600,100,36,0.36,81,2.25
114700,100,42,0.42,61,1.4523809523809523
114800,100,46,0.46,85,1.8478260869565217
114900,100,50,0.5,94,1.88
115000,100,48,0.48,66,1.375
115100,100,54,0.54,129,2.3888888888888888
115200,100,45,0.45,72,1.6
115300,100,46,0.46,87,1.8913043478260869
115400,100,41,0.41,57,1.3902439024390243
115500,100,45,0.45,107,2.3777777777777778
115600,100,48,0.48,79,1.6458333333333333
115700,100,47,0.47,69,1.4680851063829787
115800,100,53,0.53,77,1.4528301886792452
115900,100,43,0.43,74,1.7209302325581395
116000,100,29,0.29,63,2.1724137931034484
116100,100,44,0.44,74,1.6818181818181819
116200,100,48,0.48,72,1.5
116300,100,46,0.46,76,1.6521739130434783
116400,100,42,0.42,57,1.3571428571428572
116500,100,46,0.46,90,1.9565217391304348
116600,100,46,0.46,71,1.5434782608695652
116700,100,45,0.45,64,1.4222222222222223
116800,100,48,0.48,70,1.4583333333333333
116900,100,46,0.46,66,1.4347826086956521
117000,100,43,0.43,83,1.930232558139535
117100,100,53,0.53,98,1.8490566037735849
117200,100,50,0.5,79,1.58
117300,100,46,0.46,448,9.73913043478261
117400,100,52,0.52,115,2.2115384615384617
117500,100,40,0.4,79,1.975
117600,100,45,0.45,76,1.6888888888888889
117700,100,41,0.41,58,1.4146341463414633
117800,100,59,0.59,99,1.6779661016949152
117900,100,53,0.53,78,1.4716981132075471
118000,100,52,0.52,86,1.6538461538461537
118100,100,48,0.48,106,2.2083333333333335
118200,100,61,0.61,126,2.0655737704918034
118300,100,45,0.45,92,2.0444444444444443
118400,100,49,0.49,85,1.7346938775510203
118500,100,44,0.44,99,2.25
118600,100,40,0.4,61,1.525
118700,100,46,0.46,110,2.3913043478260869
118800,100,48,0.48,84,1.75
118900,100,38,0.38,60,1.5789473684210527
119000,100,47,0.47,89,1.8936170212765957
119100,100,39,0.39,67,1.7179487179487178
119200,100,48,0.48,65,1.3541666666666667
119300,100,53,0.53,92,1.7358490566037736
119400,100,33,0.33,69,2.0909090909090908
119500,100,43,0.43,78,1.8139534883720929
119600,100,45,0.45,68,1.5111111111111111
119700,100,36,0.36,73,2.0277777777777777
119800,100,46,0.46,95,2.0652173913043477
119900,100,43,0.43,71,1.6511627906976745
120000,100,28,0.28,38,1.3571428571428572
120100,100,44,0.44,62,1.4090909090909092
120200,100,37,0.37,58,1.5675675675675675
120300,100,36,0.36,48,1.3333333333333333
120400,100,35,0.35,52,1.4857142857142858
120500,100,46,0.46,75,1.6304347826086956
120600,100,51,0.51,335,6.5686274509803919
120700,100,35,0.35,52,1.4857142857142858
120800,100,37,0.37,112,3.0270270270270272
120900,100,35,0.35,90,2.5714285714285716
121000,100,33,0.33,84,2.5454545454545454
121100,100,41,0.41,72,1.7560975609756098
121200,100,40,0.4,101,2.525
121300,100,39,0.39,59,1.5128205128205128
121400,100,44,0.44,75,1.7045454545454546
121500,100,43,0.43,76,1.7674418604651163
121600,100,37,0.37,81,2.189189189189189
121700,100,42,0.42,61,1.4523809523809523
121800,100,47,0.47,82,1.7446808510638299
121900,100,45,0.45,88,1.9555555555555555
122000,100,40,0.4,106,2.65
122100,100,44,0.44,92,2.0909090909090908
122200,100,45,0.45,60,1.3333333333333333
122300,100,31,0.31,62,2
122400,100,39,0.39,56,1.4358974358974359
122500,100,44,0.44,59,1.3409090909090908
122600,100,41,0.41,74,1.8048780487804879
122700,100,42,0.42,69,1.6428571428571428
122800,100,43,0.43,77,1.7906976744186047
122900,100,45,0.45,69,1.5333333333333334
123000,100,40,0.4,77,1.925
123100,100,50,0.5,115,2.3
123200,100,40,0.4,72,1.8
123300,100,48,0.48,97,2.0208333333333335
123400,100,49,0.49,84,1.7142857142857142
123500,100,39,0.39,61,1.5641025641025641
123600,100,40,0.4,66,1.65
123700,100,43,0.43,67,1.558139534883721
123800,100,46,0.46,105,2.2826086956521738
123900,100,43,0.43,64,1.4883720930232558
124000,100,43,0.43,66,1.5348837209302326
124100,100,41,0.41,62,1.5121951219512195
124200,100,50,0.5,66,1.32
124300,100,43,0.43,51,1.1860465116279071
124400,100,43,0.43,75,1.7441860465116279
124500,100,47,0.47,82,1.7446808510638299
124600,100,42,0.42,62,1.4761904761904763
124700,100,40,0.4,69,1.725
124800,100,45,0.45,75,1.6666666666666667
124900,100,30,0.3,42,1.4
125000,100,47,0.47,91,1.9361702127659575
125100,100,42,0.42,59,1.4047619047619047
125200,100,34,0.34,46,1.3529411764705883
125300,100,49,0.49,82,1.6734693877551021
125400,100,40,0.4,61,1.525
125500,100,31,0.31,51,1.6451612903225807
125600,100,36,0.36,50,1.3888888888888888
125700,100,44,0.44,66,1.5
125800,100,38,0.38,52,1.368421052631579
125900,100,48,0.48,77,1.6041666666666667
126000,100,41,0.41,76,1.8536585365853659
126100,100,36,0.36,59,1.6388888888888888
126200,100,45,0.45,82,1.8222222222222222
126300,100,38,0.38,68,1.7894736842105263
126400,100,40,0.4,70,1.75
126500,100,60,0.6,105,1.75
126600,100,44,0.44,77,1.75
126700,100,42,0.42,63,1.5
126800,100,46,0.46,83,1.8043478260869565
126900,100,43,0.43,92,2.13953488372093
127000,100,44,0.44,76,1.7272727272727273
127100,100,42,0.42,76,1.8095238095238095
127200,100,47,0.47,72,1.5319148936170213
127300,100,47,0.47,84,1.7872340425531914
127400,100,38,0.38,71,1.868421052631579
127500,100,48,0.48,69,1.4375
127600,100,34,0.34,68,2
127700,100,48,0.48,76,1.5833333333333333
127800,100,47,0.47,72,1.5319148936170213
127900,100,39,0.39,61,1.5641025641025641
128000,100,40,0.4,71,1.775
128100,100,36,0.36,60,1.6666666666666667
128200,100,40,0.4,83,2.075
128300,100,36,0.36,58,1.6111111111111112
128400,100,40,0.4,73,1.825
128500,100,47,0.47,93,1.9787234042553192
128600,100,45,0.45,78,1.7333333333333334
128700,100,39,0.39,54,1.3846153846153846
128800,100,40,0.4,73,1.825
128900,100,43,0.43,64,1.4883720930232558
129000,100,49,0.49,83,1.6938775510204083
129100,100,40,0.4,69,1.725
129200,100,31,0.31,51,1.6451612903225807
129300,100,32,0.32,43,1.34375
129400,100,40,0.4,61,1.525
129500,100,40,0.4,66,1.65
129600,100,39,0.39,64,1.641025641025641
129700,100,42,0.42,72,1.7142857142857142
129800,100,43,0.43,65,1.5116279069767442
129900,100,38,0.38,61,1.6052631578947369
130000,100,44,0.44,81,1.8409090909090908
130100,100,46,0.46,70,1.5217391304347827
130200,100,38,0.38,70,1.8421052631578947
130300,100,35,0.35,49,1.4
130400,100,37,0.37,69,1.8648648648648649
130500,100,34,0.34,44,1.2941176470588236
130600,100,42,0.42,57,1.3571428571428572
130700,100,35,0.35,60,1.7142857142857142
130800,100,43,0.43,66,1.5348837209302326
130900,100,37,0.37,45,1.2162162162162162
131000,100,42,0.42,67,1.5952380952380953
131100,100,41,0.41,82,2
131200,100,40,0.4,51,1.275
131300,100,46,0.46,82,1.7826086956521738
131400,100,38,0.38,53,1.3947368421052631
131500,100,47,0.47,111,2.3617021276595747
131600,100,41,0.41,61,1.4878048780487805
131700,100,40,0.4,57,1.425
131800,100,41,0.41,65,1.5853658536585367
131900,100,34,0.34,66,1.9411764705882353
132000,100,39,0.39,64,1.641025641025641
132100,100,39,0.39,56,1.4358974358974359
132200,100,34,0.34,66,1.9411764705882353
132300,100,34,0.34,47,1.3823529411764706
132400,100,38,0.38,59,1.5526315789473684
132500,100,49,0.49,67,1.3673469387755102
132600,100,41,0.41,57,1.3902439024390243
132700,100,42,0.42,60,1.4285714285714286
132800,100,38,0.38,54,1.4210526315789473
132900,100,41,0.41,61,1.4878048780487805
133000,100,41,0.41,85,2.0731707317073171
133100,100,35,0.35,49,1.4
133200,100,36,0.36,72,2
133300,100,40,0.4,62,1.55
133400,100,38,0.38,48,1.263157894736842
133500,100,42,0.42,74,1.7619047619047619
133600,100,50,0.5,91,1.82
133700,100,36,0.36,61,1.6944444444444444
133800,100,33,0.33,50,1.5151515151515151
133900,100,33,0.33,49,1.4848484848484849
134000,100,41,0.41,69,1.6829268292682926
134100,100,49,0.49,183,3.7346938775510203
134200,100,32,0.32,55,1.71875
134300,100,34,0.34,48,1.411764705882353
134400,100,35,0.35,57,1.6285714285714286
134500,100,34,0.34,64,1.8823529411764706
134600,100,31,0.31,44,1.4193548387096775
134700,100,39,0.39,68,1.7435897435897436
134800,100,30,0.3,42,1.4
134900,100,30,0.3,37,1.2333333333333334
135000,100,35,0.35,49,1.4
135100,100,30,0.3,42,1.4
135200,100,43,0.43,61,1.4186046511627908
135300,100,38,0.38,52,1.368421052631579
135400,100,43,0.43,73,1.6976744186046511
135500,100,40,0.4,73,1.825
135600,100,34,0.34,52,1.5294117647058822
135700,100,31,0.31,46,1.4838709677419355
135800,100,36,0.36,53,1.4722222222222223
135900,100,30,0.3,37,1.2333333333333334
136000,100,35,0.35,53,1.5142857142857142
136100,100,40,0.4,57,1.425
136200,100,41,0.41,68,1.6585365853658536
136300,100,31,0.31,48,1.5483870967741935
136400,100,39,0.39,96,2.4615384615384617
136500,100,36,0.36,53,1.4722222222222223
136600,100,31,0.31,52,1.6774193548387097
136700,100,31,0.31,42,1.3548387096774193
136800,100,39,0.39,55,1.4102564102564104
136900,100,44,0.44,55,1.25
137000,100,34,0.34,50,1.4705882352941178
137100,100,30,0.3,56,1.8666666666666667
137200,100,28,0.28,43,1.5357142857142858
137300,100,37,0.37,54,1.4594594594594594
137400,100,40,0.4,61,1.525
137500,100,31,0.31,49,1.5806451612903225
137600,100,35,0.35,46,1.3142857142857143
137700,100,36,0.36,47,1.3055555555555556
137800,100,34,0.34,47,1.3823529411764706
137900,100,32,0.32,49,1.53125
138000,100,33,0.33,47,1.4242424242424243
138100,100,42,0.42,51,1.2142857142857142
138200,100,33,0.33,47,1.4242424242424243
138300,100,35,0.35,48,1.3714285714285714
138400,100,27,0.27,29,1.0740740740740742
138500,100,36,0.36,54,1.5
138600,100,33,0.33,56,1.696969696969697
138700,100,35,0.35,53,1.5142857142857142
138800,100,34,0.34,51,1.5
138900,100,22,0.22,30,1.3636363636363635
139000,100,42,0.42,57,1.3571428571428572
139100,100,28,0.28,35,1.25
139200,100,38,0.38,49,1.2894736842105263
139300,100,32,0.32,57,1.78125
139400,100,39,0.39,59,1.5128205128205128
139500,100,32,0.32,47,1.46875
139600,100,37,0.37,60,1.6216216216216217
139700,100,41,0.41,72,1.7560975609756098
139800,100,36,0.36,48,1.3333333333333333
139900,100,28,0.28,37,1.3214285714285714
140000,100,34,0.34,52,1.5294117647058822
140100,100,34,0.34,51,1.5
140200,100,39,0.39,60,1.5384615384615385
140300,100,34,0.34,50,1.4705882352941178
140400,100,39,0.39,55,1.4102564102564104
140500,100,39,0.39,70,1.7948717948717949
140600,100,42,0.42,82,1.9523809523809523
140700,100,35,0.35,53,1.5142857142857142
140800,100,41,0.41,63,1.5365853658536586
140900,100,35,0.35,51,1.4571428571428571
141000,100,35,0.35,58,1.6571428571428573
141100,100,29,0.29,45,1.5517241379310345
141200,100,39,0.39,54,1.3846153846153846
141300,100,31,0.31,38,1.2258064516129032
141400,100,30,0.3,37,1.2333333333333334
141500,100,36,0.36,45,1.25
141600,100,28,0.28,62,2.2142857142857144
141700,100,32,0.32,74,2.3125
141800,100,34,0.34,50,1.4705882352941178
141900,100,28,0.28,56,2
142000,100,39,0.39,59,1.5128205128205128
142100,100,36,0.36,57,1.5833333333333333
142200,100,37,0.37,54,1.4594594594594594
142300,100,29,0.29,39,1.3448275862068966
142400,100,25,0.25,31,1.24
142500,100,29,0.29,40,1.3793103448275863
142600,100,30,0.3,41,1.3666666666666667
142700,100,34,0.34,62,1.8235294117647058
142800,100,42,0.42,59,1.4047619047619047
142900,100,41,0.41,58,1.4146341463414633
143000,100,42,0.42,57,1.3571428571428572
143100,100,27,0.27,35,1.2962962962962963
143200,100,34,0.34,54,1.588235294117647
143300,100,41,0.41,55,1.3414634146341464
143400,100,34,0.34,57,1.6764705882352942
143500,100,35,0.35,114,3.2571428571428571
143600,100,35,0.35,70,2
143700,100,31,0.31,41,1.3225806451612903
143800,100,35,0.35,50,1.4285714285714286
143900,100,32,0.32,62,1.9375
144000,100,39,0.39,79,2.0256410256410255
144100,100,37,0.37,49,1.3243243243243243
144200,100,19,0.19,22,1.1578947368421053
144300,100,36,0.36,53,1.4722222222222223
144400,100,43,0.43,70,1.6279069767441861
144500,100,35,0.35,46,1.3142857142857143
144600,100,28,0.28,33,1.1785714285714286
144700,100,31,0.31,42,1.3548387096774193
144800,100,34,0.34,58,1.7058823529411764
144900,100,36,0.36,57,1.5833333333333333
145000,100,35,0.35,51,1.4571428571428571
145100,100,34,0.34,54,1.588235294117647
145200,100,29,0.29,46,1.5862068965517242
145300,100,31,0.31,37,1.1935483870967742
145400,100,35,0.35,54,1.5428571428571429
145500,100,33,0.33,51,1.5454545454545454
145600,100,33,0.33,55,1.6666666666666667
145700,100,36,0.36,64,1.7777777777777777
145800,100,41,0.41,50,1.2195121951219512
145900,100,35,0.35,49,1.4
146000,100,42,0.42,56,1.3333333333333333
146100,100,33,0.33,74,2.2424242424242422
146200,100,35,0.35,66,1.8857142857142857
146300,100,41,0.41,60,1.4634146341463414
146400,100,24,0.24,32,1.3333333333333333
146500,100,35,0.35,50,1.4285714285714286
146600,100,37,0.37,68,1.8378378378378379
146700,100,43,0.43,60,1.3953488372093024
146800,100,35,0.35,46,1.3142857142857143
146900,100,36,0.36,68,1.8888888888888888
147000,100,32,0.32,48,1.5
147100,100,31,0.31,42,1.3548387096774193
147200,100,28,0.28,39,1.3928571428571428
147300,100,27,0.27,51,1.8888888888888888
147400,100,38,0.38,56,1.4736842105263157
147500,100,29,0.29,63,2.1724137931034484
147600,100,38,0.38,54,1.4210526315789473
147700,100,29,0.29,53,1.8275862068965518
147800,100,38,0.38,50,1.3157894736842106
147900,100,24,0.24,40,1.6666666666666667
148000,100,34,0.34,57,1.6764705882352942
148100,100,29,0.29,35,1.2068965517241379
148200,100,28,0.28,41,1.4642857142857142
148300,100,48,0.48,68,1.4166666666666667
148400,100,30,0.3,40,1.3333333333333333
148500,100,25,0.25,36,1.44
148600,100,31,0.31,37,1.1935483870967742
148700,100,29,0.29,40,1.3793103448275863
148800,100,38,0.38,52,1.368421052631579
148900,100,29,0.29,41,1.4137931034482758
149000,100,41,0.41,56,1.3658536585365855
149100,100,41,0.41,67,1.6341463414634145
149200,100,30,0.3,42,1.4
149300,100,29,0.29,40,1.3793103448275863
149400,100,36,0.36,52,1.4444444444444444
149500,100,36,0.36,54,1.5
149600,100,38,0.38,53,1.3947368421052631
149700,100,31,0.31,48,1.5483870967741935
149800,100,21,0.21,33,1.5714285714285714
149900,100,30,0.3,36,1.2
150000,100,27,0.27,35,1.2962962962962963
150100,100,26,0.26,45,1.7307692307692308
150200,65,15,0.23076923076923078,17,1.1333333333333333
