past_a_count_,a_count,a_with_fav_unique,a_with_fav_rate,fav_total,fav_per_a
1,1411360,603035,0.42727227638589726,2223190,3.6866682696692563
2,699418,299051,0.4275712092053679,1041951,3.4841916596165872
3,484271,213303,0.44046205533678456,706865,3.3139008827817706
4,375255,168047,0.44782081517901162,544063,3.237564490886478
5,307261,138570,0.45098466775802981,435924,3.1458757306776359
6,260471,119815,0.45999362692967738,379030,3.1634603346826355
7,226286,105088,0.46440345403604288,320194,3.0469130633373935
8,199592,93639,0.46915207022325545,274438,2.930808744219823
9,178376,84788,0.47533300444005921,248666,2.9327970939283863
10,161091,77001,0.47799690857962268,227392,2.953104505136297
11,146607,70761,0.48265771757146658,203887,2.8813470697135428
12,134258,64955,0.48380729639946968,188715,2.9053190670464168
13,123877,60979,0.49225441365225181,170695,2.7992423621246658
14,114993,56693,0.4930126181593662,161148,2.842467324008255
15,107213,53190,0.49611520990924607,151161,2.8419063733784546
16,100225,50004,0.49891743576951858,137698,2.7537397008239339
17,94154,47532,0.5048325084436136,139148,2.9274593957754775
18,88692,44919,0.50646056014071172,130059,2.8954117411340414
19,83813,42644,0.50879935093601236,116504,2.7320138823750115
20,79340,40622,0.51199899168137131,111892,2.7544680222539513
21,75422,38814,0.51462438015433165,107778,2.7767815736589889
22,71734,37390,0.52123121532327765,105397,2.8188553089061248
23,68461,35817,0.52317377777128582,98805,2.7586062484295168
24,65372,34231,0.52363397173101633,92203,2.6935526277350941
25,62521,32718,0.52331216711185047,90001,2.75080995170854
26,59931,31496,0.52553770169027714,86305,2.7401892303784607
27,57553,30392,0.52806977916007858,81680,2.6875493550934455
28,55270,29346,0.53095711959471681,81272,2.7694404688884346
29,53092,28244,0.531982219543434,77908,2.7583911627248265
30,51189,27395,0.53517357244720543,74277,2.7113341850702684
31,49275,26363,0.53501775748351088,73106,2.7730531426620644
32,47569,25421,0.53440265719270952,66874,2.6306596908068132
33,45926,24832,0.5406959021033837,68294,2.7502416237113403
34,44407,24022,0.540950751007724,64520,2.6858712846557324
35,42985,23378,0.54386413865301853,64619,2.7640944477714089
36,41611,22668,0.54475979909158634,58896,2.598200105876125
37,40326,21962,0.54461141695184245,60565,2.7577178763318457
38,39135,21345,0.54541970103487925,57799,2.7078472710236587
39,38006,20942,0.55101826027469347,55769,2.663021678922739
40,36948,20236,0.54768864349897151,52788,2.6086183040126509
41,35863,19713,0.54967515266430578,52850,2.680971947445848
42,34869,19208,0.55086179701167226,49543,2.5792898792169927
43,33915,18828,0.55515258735072981,49989,2.6550350541746335
44,33072,18428,0.55720851475568456,49274,2.6738658563056217
45,32256,18009,0.5583147321428571,47223,2.6221889055472265
46,31405,17540,0.558509791434485,46375,2.643956670467503
47,30602,17140,0.56009411149598065,47682,2.7819136522753793
48,29922,16966,0.56700755297105809,43855,2.5848756336201815
49,29206,16433,0.56265835787167018,43960,2.6751049717032798
50,28529,15989,0.56044726418731816,41130,2.5723935205453747
51,27874,15625,0.5605582263040827,40090,2.56576
52,27203,15379,0.56534205786126535,38884,2.5283828597438065
53,26622,15090,0.566824430921794,39633,2.6264413518886678
54,26039,14796,0.56822458619762661,38026,2.5700189240335227
55,25508,14344,0.56233338560451618,35937,2.5053680981595092
56,24990,14146,0.56606642657062822,38566,2.7262830482115086
57,24498,14056,0.57376112335700868,36072,2.5663062037564028
58,23984,13820,0.57621747831887926,37007,2.6777858176555718
59,23499,13355,0.56832205625771315,35773,2.6786222388618497
60,23023,13331,0.57902966598618777,35631,2.6727927387292776
61,22534,12905,0.572690157095944,32726,2.5359163115071679
62,22096,12717,0.57553403330919628,32779,2.5775733270425416
63,21680,12401,0.57200184501845019,31749,2.5601967583259415
64,21273,12319,0.57909086635641427,33102,2.68706875558081
65,20883,12077,0.57831729157688072,31556,2.6129005547735367
66,20505,11863,0.57854181906851987,30594,2.5789429318047712
67,20147,11611,0.57631409142800416,29698,2.5577469640857808
68,19803,11473,0.57935666313184875,30897,2.6930183910049683
69,19473,11198,0.57505263698454268,29789,2.6602071798535452
70,19137,11098,0.579923708000209,28716,2.58749324202559
71,18830,10960,0.58204992033988312,28806,2.6282846715328465
72,18542,10814,0.58321648150145611,28623,2.6468466802293324
73,18269,10732,0.587443209808966,29047,2.7065784569511742
74,17994,10517,0.58447260197843731,26753,2.5437862508319862
75,17690,10363,0.58581119276427362,26711,2.57753546270385
76,17397,10213,0.58705523940909354,27568,2.6993048075981592
77,17110,10084,0.58936294564582115,26454,2.6233637445458151
78,16851,9866,0.58548454097679659,25022,2.536184877356578
79,16574,9740,0.58766743091589235,24845,2.5508213552361396
80,16310,9451,0.57946045370938071,23926,2.531583959369379
81,16065,9495,0.59103641456582634,25878,2.7254344391785148
82,15831,9285,0.58650748531362518,23218,2.500592353257943
83,15570,9246,0.59383429672447019,24180,2.6151849448410123
84,15318,9030,0.5895025460242852,24238,2.6841638981173865
85,15103,8744,0.57895782294908293,22537,2.5774245196706311
86,14905,8736,0.58611204293861119,22084,2.5279304029304028
87,14676,8661,0.590147179067866,24022,2.7735827271677636
88,14460,8519,0.58914246196403874,23015,2.7016081699730017
89,14259,8504,0.59639525913458169,21537,2.5325729068673564
90,14059,8287,0.58944448396045235,22205,2.6794980089296487
91,13859,8312,0.59975467205426081,21411,2.5759143407122234
92,13682,8188,0.598450518929981,21310,2.6025891548607718
93,13498,8051,0.59645873462735222,20528,2.5497453732455595
94,13306,7955,0.59785059371712013,20529,2.5806411062225014
95,13131,7903,0.601858198157033,20052,2.5372643300012654
96,12949,7685,0.59348212217159624,20977,2.7296031229668185
97,12772,7553,0.59137175070466641,19418,2.5708989805375349
98,12615,7573,0.60031708283789142,19762,2.6095338703287996
99,12458,7375,0.591989083319955,18601,2.5221694915254238
100,787195,489780,0.62218382992778154,1282270,2.6180530033892766
200,404368,263714,0.65216337593479212,683916,2.5934004262193135
300,262915,174941,0.66538995492839892,452438,2.5862319296219867
400,188746,127852,0.67737594439087456,329305,2.5756734349091137
500,144160,98077,0.68033435072142068,249128,2.5401266351947958
600,115248,79192,0.68714424545328334,200002,2.5255328821093039
700,92034,63143,0.68608340395940626,157495,2.4942590627623016
800,76978,53200,0.69110654992335474,131694,2.4754511278195488
900,65667,45368,0.69087974172719935,114340,2.5202786104743433
1000,56091,39125,0.69752723253284843,95755,2.44741214057508
1100,48526,33653,0.69350451304455341,83186,2.4718747214215671
1200,41247,29227,0.70858486677818988,73108,2.5013857049988024
1300,35951,25466,0.70835303607688238,62933,2.4712557920364406
1400,32074,22837,0.71200972750514435,57300,2.5090861321539606
1500,28444,20238,0.71150330473913659,50268,2.4838422769048325
1600,25549,18232,0.71360914321499858,45126,2.4750987275120666
1700,23355,16724,0.71607792763862133,41692,2.4929442717053338
1800,20934,14995,0.7162988439858603,37614,2.5084361453817938
1900,18983,13587,0.71574566717589427,33464,2.4629425185839406
2000,17136,12242,0.71440242763772177,29774,2.4321189348145729
2100,15967,11400,0.71397256842237111,27526,2.4145614035087721
2200,14752,10610,0.71922451193058567,26708,2.5172478793590951
2300,13582,9786,0.72051244293918426,24411,2.4944819129368487
2400,12659,9192,0.72612370645390634,22927,2.4942341166231508
2500,11782,8657,0.73476489560346292,22091,2.5518077856070231
2600,10942,8038,0.7346006214586,19262,2.396367255536203
2700,10418,7652,0.73449798425801494,18302,2.3917929952953476
2800,9736,7133,0.7326417419884963,17248,2.4180569185475957
2900,9223,6685,0.72481838881058225,15854,2.3715781600598356
3000,8703,6290,0.72273928530391818,15320,2.435612082670906
3100,8104,5840,0.72063178677196449,13767,2.35736301369863
3200,7523,5526,0.73454738801010233,13635,2.46742671009772
3300,6990,5061,0.72403433476394852,12358,2.4418099189883424
3400,6692,4880,0.72922893006575018,11868,2.4319672131147541
3500,6424,4619,0.7190224159402242,11513,2.4925308508335138
3600,6124,4391,0.71701502286087526,10253,2.3350034160783419
3700,5537,3881,0.70092107639515988,9094,2.3432105127544447
3800,5400,3835,0.71018518518518514,9148,2.3853976531942633
3900,5180,3668,0.70810810810810809,8078,2.2022900763358777
4000,5017,3558,0.70918875822204508,7899,2.2200674536256324
4100,4654,3199,0.68736570691877952,7641,2.3885589246639576
4200,4459,3185,0.7142857142857143,7125,2.2370486656200943
4300,4313,3083,0.71481567354509623,7648,2.4807006162828413
4400,4077,2885,0.7076281579592838,6068,2.1032928942807625
4500,3905,2731,0.699359795134443,7191,2.633101428048334
4600,3767,2631,0.69843376692328107,5697,2.1653363740022806
4700,3671,2633,0.71724325796785615,6542,2.4846183061146982
4800,3537,2445,0.69126378286683632,5339,2.1836400817995911
4900,3256,2208,0.67813267813267808,4864,2.2028985507246377
5000,3150,2111,0.67015873015873018,4585,2.171956418758882
5100,2964,2040,0.68825910931174084,4612,2.26078431372549
5200,2900,2008,0.69241379310344831,4169,2.0761952191235058
5300,2791,1915,0.68613400214976716,4288,2.2391644908616186
5400,2538,1779,0.70094562647754133,3925,2.2062956717256887
5500,2352,1592,0.6768707482993197,3200,2.0100502512562812
5600,2219,1451,0.65389815232086523,3018,2.079944865609924
5700,2046,1399,0.6837732160312805,2846,2.0343102215868476
5800,1900,1355,0.7131578947368421,2912,2.149077490774908
5900,1900,1321,0.69526315789473681,2833,2.1445874337623012
6000,1881,1386,0.73684210526315785,2852,2.0577200577200578
6100,1758,1239,0.70477815699658708,2452,1.9790153349475383
6200,1700,1198,0.70470588235294118,2372,1.979966611018364
6300,1700,1257,0.73941176470588232,2762,2.1972951471758155
6400,1700,1254,0.73764705882352943,2592,2.0669856459330145
6500,1700,1196,0.70352941176470585,2479,2.0727424749163879
6600,1696,1219,0.71875,2587,2.1222313371616077
6700,1592,1145,0.71922110552763818,2428,2.1205240174672491
6800,1500,1089,0.726,2200,2.0202020202020203
6900,1500,1047,0.698,2122,2.0267430754536773
7000,1411,1042,0.738483345145287,2116,2.0307101727447217
7100,1400,1004,0.71714285714285719,2041,2.0328685258964145
7200,1400,999,0.71357142857142852,2029,2.0310310310310311
7300,1400,993,0.7092857142857143,1997,2.0110775427995971
7400,1400,998,0.71285714285714286,1993,1.996993987975952
7500,1400,989,0.70642857142857141,2008,2.0303336703741151
7600,1395,986,0.706810035842294,1950,1.9776876267748478
7700,1300,920,0.70769230769230773,1748,1.9
7800,1268,904,0.71293375394321767,1927,2.1316371681415931
7900,1200,854,0.71166666666666667,1844,2.1592505854800939
8000,1200,870,0.725,1722,1.9793103448275862
8100,1200,821,0.6841666666666667,1543,1.8794153471376371
8200,1179,827,0.70144189991518235,1636,1.9782345828295043
8300,1058,751,0.70982986767485823,1491,1.9853528628495341
8400,1000,729,0.729,1486,2.03840877914952
8500,1000,692,0.692,1393,2.0130057803468207
8600,1000,682,0.682,1492,2.1876832844574778
8700,996,745,0.74799196787148592,1490,2
8800,863,623,0.72190034762456545,1195,1.9181380417335474
8900,800,609,0.76125,1282,2.1050903119868636
9000,800,577,0.72125,1161,2.0121317157712304
9100,800,587,0.73375,1211,2.0630323679727427
9200,800,590,0.7375,1333,2.2593220338983051
9300,800,584,0.73,1198,2.0513698630136985
9400,800,610,0.7625,1270,2.081967213114754
9500,800,590,0.7375,1260,2.1355932203389831
9600,800,564,0.705,1106,1.9609929078014185
9700,776,571,0.73582474226804129,1169,2.0472854640980738
9800,700,512,0.73142857142857143,1095,2.138671875
9900,700,498,0.71142857142857141,1054,2.1164658634538154
10000,700,481,0.68714285714285717,1002,2.0831600831600832
10100,606,430,0.70957095709570961,880,2.0465116279069768
10200,600,424,0.70666666666666667,936,2.2075471698113209
10300,600,396,0.66,842,2.1262626262626263
10400,600,393,0.655,763,1.9414758269720103
10500,600,395,0.65833333333333333,843,2.1341772151898732
10600,600,401,0.66833333333333333,877,2.1870324189526182
10700,600,410,0.68333333333333335,833,2.0317073170731708
10800,600,406,0.67666666666666664,845,2.08128078817734
10900,600,427,0.71166666666666667,857,2.0070257611241216
11000,600,403,0.67166666666666663,941,2.3349875930521091
11100,600,396,0.66,709,1.7904040404040404
11200,600,435,0.725,879,2.0206896551724136
11300,600,438,0.73,863,1.9703196347031964
11400,523,356,0.68068833652007643,750,2.106741573033708
11500,500,353,0.706,840,2.3796033994334276
11600,500,355,0.71,718,2.0225352112676056
11700,500,353,0.706,766,2.1699716713881019
11800,500,353,0.706,735,2.0821529745042491
11900,500,348,0.696,683,1.9626436781609196
12000,500,352,0.704,724,2.0568181818181817
12100,500,346,0.692,736,2.1271676300578033
12200,500,353,0.706,765,2.1671388101983005
12300,500,356,0.712,686,1.9269662921348314
12400,500,346,0.692,701,2.0260115606936417
12500,500,367,0.734,762,2.0762942779291551
12600,500,351,0.702,677,1.9287749287749287
12700,500,362,0.724,703,1.9419889502762431
12800,419,296,0.7064439140811456,526,1.777027027027027
12900,400,286,0.715,578,2.0209790209790208
13000,400,274,0.685,548,2
13100,400,289,0.7225,550,1.9031141868512111
13200,400,289,0.7225,593,2.0519031141868513
13300,400,280,0.7,605,2.1607142857142856
13400,400,278,0.695,639,2.2985611510791366
13500,400,279,0.6975,497,1.7813620071684588
13600,400,279,0.6975,569,2.0394265232974909
13700,400,257,0.6425,543,2.11284046692607
13800,400,262,0.655,542,2.0687022900763359
13900,400,281,0.7025,558,1.9857651245551602
14000,400,275,0.6875,573,2.0836363636363635
14100,400,275,0.6875,492,1.7890909090909091
14200,400,275,0.6875,507,1.8436363636363637
14300,400,272,0.68,519,1.9080882352941178
14400,400,261,0.6525,576,2.2068965517241379
14500,400,273,0.6825,537,1.9670329670329669
14600,400,273,0.6825,483,1.7692307692307692
14700,400,260,0.65,484,1.8615384615384616
14800,400,277,0.6925,490,1.7689530685920578
14900,400,277,0.6925,523,1.8880866425992779
15000,400,264,0.66,545,2.0643939393939394
15100,400,270,0.675,540,2
15200,400,273,0.6825,542,1.9853479853479854
15300,400,272,0.68,561,2.0625
15400,400,261,0.6525,512,1.9616858237547892
15500,400,241,0.6025,601,2.4937759336099585
15600,400,256,0.64,532,2.078125
15700,400,239,0.5975,437,1.8284518828451883
15800,400,251,0.6275,487,1.9402390438247012
15900,400,263,0.6575,514,1.9543726235741445
16000,400,267,0.6675,657,2.4606741573033708
16100,400,280,0.7,536,1.9142857142857144
16200,400,267,0.6675,797,2.9850187265917603
16300,400,277,0.6925,578,2.0866425992779782
16400,400,270,0.675,640,2.3703703703703702
16500,400,277,0.6925,579,2.0902527075812274
16600,400,277,0.6925,590,2.1299638989169676
16700,400,257,0.6425,483,1.8793774319066148
16800,400,263,0.6575,595,2.2623574144486693
16900,370,236,0.63783783783783787,509,2.156779661016949
17000,300,210,0.7,427,2.0333333333333332
17100,300,189,0.63,372,1.9682539682539681
17200,300,188,0.62666666666666671,389,2.0691489361702127
17300,300,207,0.69,421,2.0338164251207731
17400,300,212,0.70666666666666667,481,2.2688679245283021
17500,300,198,0.66,404,2.04040404040404
17600,300,193,0.64333333333333331,394,2.0414507772020727
17700,300,199,0.66333333333333333,449,2.2562814070351758
17800,300,198,0.66,422,2.1313131313131315
17900,300,210,0.7,445,2.1190476190476191
18000,300,188,0.62666666666666671,353,1.8776595744680851
18100,300,192,0.64,370,1.9270833333333333
18200,300,197,0.65666666666666662,377,1.9137055837563453
18300,300,191,0.63666666666666671,353,1.8481675392670156
18400,300,194,0.64666666666666661,421,2.170103092783505
18500,300,198,0.66,435,2.1969696969696968
18600,300,193,0.64333333333333331,371,1.9222797927461139
18700,300,191,0.63666666666666671,349,1.8272251308900525
18800,300,195,0.65,369,1.8923076923076922
18900,300,182,0.60666666666666669,401,2.2032967032967035
19000,300,192,0.64,357,1.859375
19100,300,199,0.66333333333333333,367,1.8442211055276383
19200,300,189,0.63,351,1.8571428571428572
19300,300,200,0.66666666666666663,432,2.16
19400,300,190,0.6333333333333333,406,2.1368421052631579
19500,300,194,0.64666666666666661,427,2.2010309278350517
19600,300,184,0.61333333333333329,353,1.9184782608695652
19700,299,184,0.61538461538461542,371,2.0163043478260869
19800,200,103,0.515,197,1.912621359223301
19900,200,105,0.525,200,1.9047619047619047
20000,200,108,0.54,202,1.8703703703703705
20100,200,107,0.535,303,2.8317757009345796
20200,200,107,0.535,211,1.97196261682243
20300,200,100,0.5,180,1.8
20400,200,119,0.595,227,1.9075630252100841
20500,200,111,0.555,187,1.6846846846846846
20600,200,107,0.535,214,2
20700,200,102,0.51,250,2.4509803921568629
20800,200,105,0.525,330,3.1428571428571428
20900,200,116,0.58,246,2.1206896551724137
21000,200,100,0.5,215,2.15
21100,200,112,0.56,199,1.7767857142857142
21200,200,121,0.605,260,2.1487603305785123
21300,200,107,0.535,325,3.0373831775700935
21400,200,107,0.535,282,2.6355140186915889
21500,200,110,0.55,227,2.0636363636363635
21600,200,112,0.56,238,2.125
21700,200,115,0.575,226,1.9652173913043478
21800,200,125,0.625,225,1.8
21900,200,101,0.505,213,2.108910891089109
22000,200,112,0.56,272,2.4285714285714284
22100,200,113,0.565,254,2.247787610619469
22200,200,108,0.54,232,2.1481481481481484
22300,200,111,0.555,246,2.2162162162162162
22400,200,116,0.58,245,2.1120689655172415
22500,200,97,0.485,271,2.7938144329896906
22600,200,93,0.465,204,2.193548387096774
22700,200,109,0.545,191,1.7522935779816513
22800,200,90,0.45,177,1.9666666666666666
22900,200,105,0.525,211,2.0095238095238095
23000,200,117,0.585,234,2
23100,200,103,0.515,242,2.349514563106796
23200,200,99,0.495,239,2.4141414141414139
23300,200,106,0.53,285,2.6886792452830188
23400,200,108,0.54,261,2.4166666666666665
23500,200,98,0.49,265,2.704081632653061
23600,200,114,0.57,420,3.6842105263157894
23700,200,112,0.56,277,2.4732142857142856
23800,200,113,0.565,296,2.6194690265486726
23900,200,110,0.55,235,2.1363636363636362
24000,200,95,0.475,176,1.8526315789473684
24100,200,91,0.455,272,2.9890109890109891
24200,200,102,0.51,225,2.2058823529411766
24300,200,109,0.545,225,2.0642201834862384
24400,200,105,0.525,205,1.9523809523809523
24500,200,113,0.565,220,1.9469026548672566
24600,200,111,0.555,223,2.0090090090090089
24700,200,118,0.59,249,2.1101694915254239
24800,200,96,0.48,218,2.2708333333333335
24900,200,116,0.58,218,1.8793103448275863
25000,200,107,0.535,200,1.8691588785046729
25100,200,95,0.475,175,1.8421052631578947
25200,200,108,0.54,229,2.1203703703703702
25300,200,105,0.525,348,3.3142857142857145
25400,200,106,0.53,326,3.0754716981132075
25500,200,114,0.57,228,2
25600,200,111,0.555,238,2.144144144144144
25700,200,100,0.5,239,2.39
25800,200,101,0.505,216,2.1386138613861387
25900,200,115,0.575,230,2
26000,200,107,0.535,256,2.3925233644859811
26100,200,118,0.59,236,2
26200,200,116,0.58,258,2.2241379310344827
26300,200,110,0.55,251,2.2818181818181817
26400,200,102,0.51,213,2.0882352941176472
26500,200,104,0.52,204,1.9615384615384615
26600,200,102,0.51,177,1.7352941176470589
26700,200,110,0.55,226,2.0545454545454547
26800,200,110,0.55,215,1.9545454545454546
26900,200,127,0.635,207,1.6299212598425197
27000,200,93,0.465,153,1.6451612903225807
27100,200,102,0.51,230,2.2549019607843137
27200,200,114,0.57,232,2.0350877192982457
27300,200,107,0.535,230,2.1495327102803738
27400,200,98,0.49,186,1.8979591836734695
27500,200,107,0.535,242,2.2616822429906542
27600,200,95,0.475,156,1.6421052631578947
27700,200,103,0.515,205,1.9902912621359223
27800,200,90,0.45,161,1.788888888888889
27900,200,104,0.52,213,2.0480769230769229
28000,200,100,0.5,219,2.19
28100,200,89,0.445,184,2.0674157303370788
28200,200,105,0.525,175,1.6666666666666667
28300,200,118,0.59,233,1.9745762711864407
28400,200,114,0.57,231,2.0263157894736841
28500,200,107,0.535,222,2.0747663551401869
28600,200,108,0.54,210,1.9444444444444444
28700,200,96,0.48,165,1.71875
28800,200,99,0.495,213,2.1515151515151514
28900,200,91,0.455,142,1.5604395604395604
29000,200,96,0.48,187,1.9479166666666667
29100,200,95,0.475,201,2.1157894736842104
29200,200,97,0.485,171,1.7628865979381443
29300,200,103,0.515,203,1.970873786407767
29400,200,104,0.52,189,1.8173076923076923
29500,200,113,0.565,271,2.3982300884955752
29600,200,99,0.495,201,2.0303030303030303
29700,200,104,0.52,203,1.9519230769230769
29800,200,106,0.53,191,1.8018867924528301
29900,200,109,0.545,245,2.2477064220183487
30000,200,101,0.505,169,1.6732673267326732
30100,200,101,0.505,191,1.891089108910891
30200,200,108,0.54,187,1.7314814814814814
30300,200,99,0.495,204,2.0606060606060606
30400,200,92,0.46,147,1.5978260869565217
30500,200,106,0.53,382,3.6037735849056602
30600,200,103,0.515,188,1.825242718446602
30700,200,83,0.415,153,1.8433734939759037
30800,200,94,0.47,163,1.7340425531914894
30900,200,96,0.48,206,2.1458333333333335
31000,200,105,0.525,188,1.7904761904761906
31100,200,93,0.465,179,1.924731182795699
31200,200,103,0.515,212,2.058252427184466
31300,200,105,0.525,204,1.9428571428571428
31400,200,100,0.5,309,3.09
31500,200,113,0.565,215,1.9026548672566372
31600,200,100,0.5,182,1.82
31700,200,114,0.57,217,1.9035087719298245
31800,200,106,0.53,200,1.8867924528301887
31900,200,101,0.505,174,1.7227722772277227
32000,200,109,0.545,220,2.0183486238532109
32100,200,112,0.56,220,1.9642857142857142
32200,200,105,0.525,243,2.3142857142857145
32300,200,112,0.56,209,1.8660714285714286
32400,200,96,0.48,158,1.6458333333333333
32500,200,110,0.55,194,1.7636363636363637
32600,200,109,0.545,182,1.6697247706422018
32700,200,115,0.575,244,2.1217391304347828
32800,200,105,0.525,254,2.4190476190476189
32900,200,100,0.5,160,1.6
33000,200,103,0.515,168,1.6310679611650485
33100,200,115,0.575,211,1.8347826086956522
33200,200,115,0.575,264,2.2956521739130435
33300,200,99,0.495,200,2.0202020202020203
33400,200,98,0.49,160,1.6326530612244898
33500,200,96,0.48,223,2.3229166666666665
33600,200,104,0.52,201,1.9326923076923077
33700,200,113,0.565,219,1.9380530973451326
33800,200,109,0.545,190,1.7431192660550459
33900,200,106,0.53,232,2.1886792452830188
34000,200,117,0.585,217,1.8547008547008548
34100,200,103,0.515,213,2.0679611650485437
34200,200,95,0.475,164,1.7263157894736842
34300,200,110,0.55,274,2.4909090909090907
34400,200,106,0.53,171,1.6132075471698113
34500,200,108,0.54,190,1.7592592592592593
34600,200,86,0.43,145,1.6860465116279071
34700,200,111,0.555,221,1.9909909909909911
34800,200,102,0.51,245,2.4019607843137254
34900,200,103,0.515,214,2.0776699029126213
35000,200,116,0.58,211,1.8189655172413792
35100,200,101,0.505,209,2.0693069306930694
35200,200,120,0.6,246,2.05
35300,200,108,0.54,192,1.7777777777777777
35400,200,120,0.6,237,1.975
35500,200,107,0.535,235,2.1962616822429908
35600,200,124,0.62,231,1.8629032258064515
35700,200,112,0.56,199,1.7767857142857142
35800,200,97,0.485,177,1.8247422680412371
35900,200,113,0.565,190,1.6814159292035398
36000,200,108,0.54,258,2.3888888888888888
36100,200,98,0.49,211,2.1530612244897958
36200,200,103,0.515,207,2.0097087378640777
36300,200,113,0.565,241,2.1327433628318584
36400,200,110,0.55,235,2.1363636363636362
36500,200,95,0.475,194,2.0421052631578949
36600,200,116,0.58,206,1.7758620689655173
36700,200,113,0.565,276,2.4424778761061945
36800,200,116,0.58,195,1.6810344827586208
36900,200,93,0.465,193,2.075268817204301
37000,200,84,0.42,139,1.6547619047619047
37100,200,103,0.515,163,1.5825242718446602
37200,200,104,0.52,181,1.7403846153846154
37300,200,98,0.49,280,2.8571428571428572
37400,200,115,0.575,192,1.6695652173913043
37500,200,99,0.495,210,2.1212121212121211
37600,200,116,0.58,236,2.0344827586206895
37700,200,105,0.525,213,2.0285714285714285
37800,200,101,0.505,218,2.1584158415841586
37900,200,111,0.555,336,3.0270270270270272
38000,200,94,0.47,168,1.7872340425531914
38100,200,109,0.545,249,2.2844036697247705
38200,200,116,0.58,198,1.7068965517241379
38300,200,99,0.495,186,1.8787878787878789
38400,200,98,0.49,161,1.6428571428571428
38500,200,101,0.505,188,1.8613861386138615
38600,200,108,0.54,356,3.2962962962962963
38700,200,97,0.485,225,2.3195876288659796
38800,200,98,0.49,222,2.2653061224489797
38900,200,111,0.555,250,2.2522522522522523
39000,200,103,0.515,182,1.766990291262136
39100,200,115,0.575,243,2.1130434782608694
39200,200,104,0.52,331,3.1826923076923075
39300,200,113,0.565,262,2.3185840707964602
39400,200,106,0.53,265,2.5
39500,200,112,0.56,186,1.6607142857142858
39600,200,95,0.475,149,1.5684210526315789
39700,200,104,0.52,181,1.7403846153846154
39800,200,101,0.505,174,1.7227722772277227
39900,200,103,0.515,183,1.7766990291262137
40000,200,94,0.47,153,1.6276595744680851
40100,200,119,0.595,233,1.9579831932773109
40200,200,91,0.455,183,2.0109890109890109
40300,200,91,0.455,332,3.6483516483516483
40400,200,97,0.485,167,1.7216494845360826
40500,200,102,0.51,210,2.0588235294117645
40600,200,96,0.48,221,2.3020833333333335
40700,200,111,0.555,174,1.5675675675675675
40800,200,111,0.555,185,1.6666666666666667
40900,200,103,0.515,167,1.6213592233009708
41000,200,96,0.48,139,1.4479166666666667
41100,200,111,0.555,206,1.8558558558558558
41200,200,104,0.52,207,1.9903846153846154
41300,200,113,0.565,188,1.663716814159292
41400,200,116,0.58,252,2.1724137931034484
41500,200,106,0.53,161,1.5188679245283019
41600,200,114,0.57,217,1.9035087719298245
41700,200,115,0.575,198,1.7217391304347827
41800,200,115,0.575,194,1.6869565217391305
41900,200,109,0.545,192,1.761467889908257
42000,200,103,0.515,193,1.8737864077669903
42100,200,102,0.51,187,1.8333333333333333
42200,200,113,0.565,230,2.0353982300884956
42300,200,112,0.56,193,1.7232142857142858
42400,200,100,0.5,177,1.77
42500,200,105,0.525,174,1.6571428571428573
42600,200,111,0.555,231,2.0810810810810811
42700,200,119,0.595,223,1.8739495798319328
42800,200,102,0.51,217,2.1274509803921569
42900,200,93,0.465,208,2.236559139784946
43000,108,42,0.3888888888888889,78,1.8571428571428572
43100,100,52,0.52,91,1.75
43200,100,46,0.46,96,2.0869565217391304
43300,100,47,0.47,138,2.9361702127659575
43400,100,53,0.53,100,1.8867924528301887
43500,100,53,0.53,148,2.7924528301886791
43600,100,46,0.46,88,1.9130434782608696
43700,100,38,0.38,80,2.1052631578947367
43800,100,49,0.49,115,2.3469387755102042
43900,100,43,0.43,76,1.7674418604651163
44000,100,57,0.57,140,2.4561403508771931
44100,100,43,0.43,799,18.581395348837209
44200,100,45,0.45,111,2.4666666666666668
44300,100,53,0.53,133,2.5094339622641511
44400,100,56,0.56,146,2.6071428571428572
44500,100,43,0.43,70,1.6279069767441861
44600,100,50,0.5,86,1.72
44700,100,48,0.48,104,2.1666666666666665
44800,100,46,0.46,107,2.3260869565217392
44900,100,52,0.52,112,2.1538461538461537
45000,100,40,0.4,85,2.125
45100,100,47,0.47,127,2.7021276595744679
45200,100,50,0.5,114,2.28
45300,100,42,0.42,103,2.4523809523809526
45400,100,45,0.45,126,2.8
45500,100,43,0.43,115,2.6744186046511627
45600,100,45,0.45,115,2.5555555555555554
45700,100,51,0.51,95,1.8627450980392157
45800,100,55,0.55,152,2.7636363636363637
45900,100,59,0.59,136,2.3050847457627119
46000,100,43,0.43,73,1.6976744186046511
46100,100,44,0.44,116,2.6363636363636362
46200,100,46,0.46,106,2.3043478260869565
46300,100,49,0.49,121,2.4693877551020407
46400,100,50,0.5,116,2.32
46500,100,46,0.46,89,1.9347826086956521
46600,100,48,0.48,193,4.020833333333333
46700,100,47,0.47,111,2.3617021276595747
46800,100,44,0.44,102,2.3181818181818183
46900,100,43,0.43,79,1.8372093023255813
47000,100,41,0.41,144,3.5121951219512195
47100,100,42,0.42,91,2.1666666666666665
47200,100,47,0.47,96,2.0425531914893615
47300,100,42,0.42,100,2.3809523809523809
47400,100,37,0.37,111,3
47500,100,56,0.56,122,2.1785714285714284
47600,100,57,0.57,103,1.8070175438596492
47700,100,58,0.58,134,2.3103448275862069
47800,100,52,0.52,94,1.8076923076923077
47900,100,54,0.54,180,3.3333333333333335
48000,100,46,0.46,89,1.9347826086956521
48100,100,46,0.46,109,2.3695652173913042
48200,100,56,0.56,96,1.7142857142857142
48300,100,42,0.42,84,2
48400,100,54,0.54,85,1.5740740740740742
48500,100,53,0.53,110,2.0754716981132075
48600,100,55,0.55,113,2.0545454545454547
48700,100,46,0.46,109,2.3695652173913042
48800,100,49,0.49,93,1.8979591836734695
48900,100,44,0.44,82,1.8636363636363635
49000,100,45,0.45,76,1.6888888888888889
49100,100,41,0.41,90,2.1951219512195124
49200,100,55,0.55,136,2.4727272727272727
49300,100,51,0.51,97,1.9019607843137254
49400,100,49,0.49,112,2.2857142857142856
49500,100,46,0.46,140,3.0434782608695654
49600,100,50,0.5,87,1.74
49700,100,56,0.56,126,2.25
49800,100,39,0.39,72,1.8461538461538463
49900,100,53,0.53,95,1.7924528301886793
50000,100,41,0.41,96,2.3414634146341462
50100,100,48,0.48,91,1.8958333333333333
50200,100,52,0.52,112,2.1538461538461537
50300,100,48,0.48,143,2.9791666666666665
50400,100,56,0.56,132,2.3571428571428572
50500,100,50,0.5,124,2.48
50600,100,48,0.48,96,2
50700,100,49,0.49,90,1.8367346938775511
50800,100,56,0.56,113,2.0178571428571428
50900,100,49,0.49,101,2.0612244897959182
51000,100,48,0.48,88,1.8333333333333333
51100,100,50,0.5,84,1.68
51200,100,52,0.52,111,2.1346153846153846
51300,100,54,0.54,109,2.0185185185185186
51400,100,58,0.58,176,3.0344827586206895
51500,100,53,0.53,111,2.0943396226415096
51600,100,46,0.46,92,2
51700,100,48,0.48,141,2.9375
51800,100,48,0.48,85,1.7708333333333333
51900,100,52,0.52,121,2.3269230769230771
52000,100,51,0.51,94,1.8431372549019607
52100,100,48,0.48,117,2.4375
52200,100,50,0.5,96,1.92
52300,100,50,0.5,95,1.9
52400,100,55,0.55,107,1.9454545454545455
52500,100,46,0.46,90,1.9565217391304348
52600,100,50,0.5,230,4.6
52700,100,47,0.47,110,2.3404255319148937
52800,100,56,0.56,101,1.8035714285714286
52900,100,55,0.55,166,3.0181818181818181
53000,100,52,0.52,100,1.9230769230769231
53100,100,42,0.42,91,2.1666666666666665
53200,100,59,0.59,296,5.0169491525423728
53300,100,52,0.52,185,3.5576923076923075
53400,100,50,0.5,125,2.5
53500,100,54,0.54,123,2.2777777777777777
53600,100,53,0.53,103,1.9433962264150944
53700,100,50,0.5,116,2.32
53800,100,44,0.44,76,1.7272727272727273
53900,100,60,0.6,139,2.3166666666666669
54000,100,46,0.46,92,2
54100,100,50,0.5,116,2.32
54200,100,53,0.53,107,2.0188679245283021
54300,100,53,0.53,192,3.6226415094339623
54400,100,48,0.48,86,1.7916666666666667
54500,100,53,0.53,154,2.9056603773584904
54600,100,50,0.5,108,2.16
54700,100,42,0.42,87,2.0714285714285716
54800,100,44,0.44,62,1.4090909090909092
54900,100,39,0.39,67,1.7179487179487178
55000,100,52,0.52,88,1.6923076923076923
55100,100,50,0.5,99,1.98
55200,100,51,0.51,100,1.9607843137254901
55300,100,38,0.38,84,2.2105263157894739
55400,100,54,0.54,97,1.7962962962962963
55500,100,58,0.58,153,2.6379310344827585
55600,100,42,0.42,89,2.1190476190476191
55700,100,43,0.43,73,1.6976744186046511
55800,100,50,0.5,146,2.92
55900,100,41,0.41,70,1.7073170731707317
56000,100,50,0.5,160,3.2
56100,100,58,0.58,115,1.9827586206896552
56200,100,53,0.53,114,2.1509433962264151
56300,100,56,0.56,96,1.7142857142857142
56400,100,52,0.52,94,1.8076923076923077
56500,100,52,0.52,92,1.7692307692307692
56600,100,52,0.52,241,4.634615384615385
56700,100,40,0.4,57,1.425
56800,100,46,0.46,67,1.4565217391304348
56900,100,58,0.58,89,1.5344827586206897
57000,100,39,0.39,75,1.9230769230769231
57100,100,46,0.46,142,3.0869565217391304
57200,100,49,0.49,128,2.6122448979591835
57300,100,53,0.53,94,1.7735849056603774
57400,100,52,0.52,120,2.3076923076923075
57500,100,45,0.45,89,1.9777777777777779
57600,100,48,0.48,76,1.5833333333333333
57700,100,51,0.51,221,4.333333333333333
57800,100,45,0.45,86,1.9111111111111112
57900,100,52,0.52,98,1.8846153846153846
58000,100,43,0.43,78,1.8139534883720929
58100,100,30,0.3,56,1.8666666666666667
58200,100,42,0.42,74,1.7619047619047619
58300,100,46,0.46,131,2.847826086956522
58400,100,51,0.51,109,2.1372549019607843
58500,100,59,0.59,134,2.2711864406779663
58600,100,41,0.41,114,2.7804878048780486
58700,100,49,0.49,137,2.795918367346939
58800,100,47,0.47,92,1.9574468085106382
58900,100,47,0.47,177,3.7659574468085109
59000,100,46,0.46,78,1.6956521739130435
59100,100,43,0.43,93,2.1627906976744184
59200,100,46,0.46,143,3.1086956521739131
59300,100,43,0.43,62,1.441860465116279
59400,100,39,0.39,66,1.6923076923076923
59500,100,53,0.53,88,1.6603773584905661
59600,100,54,0.54,96,1.7777777777777777
59700,100,55,0.55,123,2.2363636363636363
59800,100,39,0.39,74,1.8974358974358974
59900,100,51,0.51,115,2.2549019607843137
60000,100,40,0.4,80,2
60100,100,51,0.51,79,1.5490196078431373
60200,100,35,0.35,78,2.2285714285714286
60300,100,41,0.41,86,2.0975609756097562
60400,100,39,0.39,69,1.7692307692307692
60500,100,37,0.37,63,1.7027027027027026
60600,100,47,0.47,99,2.1063829787234041
60700,100,45,0.45,153,3.4
60800,100,33,0.33,133,4.03030303030303
60900,100,43,0.43,71,1.6511627906976745
61000,100,40,0.4,67,1.675
61100,100,47,0.47,107,2.2765957446808511
61200,100,38,0.38,69,1.8157894736842106
61300,100,34,0.34,58,1.7058823529411764
61400,100,47,0.47,80,1.7021276595744681
61500,100,51,0.51,87,1.7058823529411764
61600,100,38,0.38,68,1.7894736842105263
61700,100,43,0.43,69,1.6046511627906976
61800,100,42,0.42,80,1.9047619047619047
61900,100,43,0.43,107,2.4883720930232558
62000,100,41,0.41,82,2
62100,100,42,0.42,103,2.4523809523809526
62200,100,33,0.33,61,1.8484848484848484
62300,100,44,0.44,99,2.25
62400,100,41,0.41,115,2.8048780487804876
62500,100,38,0.38,76,2
62600,100,45,0.45,98,2.1777777777777776
62700,100,40,0.4,79,1.975
62800,100,49,0.49,100,2.0408163265306123
62900,100,33,0.33,68,2.0606060606060606
63000,100,50,0.5,100,2
63100,100,51,0.51,82,1.607843137254902
63200,100,45,0.45,111,2.4666666666666668
63300,100,51,0.51,93,1.8235294117647058
63400,100,41,0.41,89,2.1707317073170733
63500,100,38,0.38,71,1.868421052631579
63600,100,41,0.41,67,1.6341463414634145
63700,100,30,0.3,49,1.6333333333333333
63800,100,48,0.48,89,1.8541666666666667
63900,100,43,0.43,65,1.5116279069767442
64000,100,43,0.43,74,1.7209302325581395
64100,100,36,0.36,60,1.6666666666666667
64200,100,32,0.32,105,3.28125
64300,100,34,0.34,58,1.7058823529411764
64400,100,31,0.31,79,2.5483870967741935
64500,100,46,0.46,74,1.6086956521739131
64600,100,39,0.39,73,1.8717948717948718
64700,100,33,0.33,60,1.8181818181818181
64800,100,32,0.32,76,2.375
64900,100,43,0.43,71,1.6511627906976745
65000,100,44,0.44,93,2.1136363636363638
65100,100,37,0.37,66,1.7837837837837838
65200,100,47,0.47,88,1.8723404255319149
65300,100,47,0.47,130,2.7659574468085109
65400,100,46,0.46,87,1.8913043478260869
65500,100,52,0.52,94,1.8076923076923077
65600,100,49,0.49,80,1.6326530612244898
65700,100,40,0.4,64,1.6
65800,100,43,0.43,83,1.930232558139535
65900,100,47,0.47,97,2.0638297872340425
66000,100,49,0.49,148,3.0204081632653059
66100,100,50,0.5,108,2.16
66200,100,36,0.36,73,2.0277777777777777
66300,100,49,0.49,114,2.3265306122448979
66400,100,46,0.46,81,1.7608695652173914
66500,100,51,0.51,84,1.6470588235294117
66600,100,42,0.42,76,1.8095238095238095
66700,100,47,0.47,207,4.4042553191489358
66800,100,52,0.52,109,2.0961538461538463
66900,100,55,0.55,131,2.3818181818181818
67000,100,48,0.48,107,2.2291666666666665
67100,100,42,0.42,74,1.7619047619047619
67200,100,47,0.47,109,2.3191489361702127
67300,100,38,0.38,69,1.8157894736842106
67400,100,47,0.47,76,1.6170212765957446
67500,100,46,0.46,83,1.8043478260869565
67600,100,46,0.46,89,1.9347826086956521
67700,100,47,0.47,79,1.6808510638297873
67800,100,38,0.38,79,2.0789473684210527
67900,100,38,0.38,97,2.5526315789473686
68000,100,44,0.44,87,1.9772727272727273
68100,100,44,0.44,78,1.7727272727272727
68200,100,40,0.4,72,1.8
68300,100,50,0.5,104,2.08
68400,100,41,0.41,94,2.2926829268292681
68500,100,44,0.44,59,1.3409090909090908
68600,100,41,0.41,83,2.024390243902439
68700,100,39,0.39,67,1.7179487179487178
68800,100,42,0.42,115,2.7380952380952381
68900,100,51,0.51,110,2.1568627450980391
69000,100,44,0.44,73,1.6590909090909092
69100,100,41,0.41,88,2.1463414634146343
69200,100,46,0.46,64,1.3913043478260869
69300,100,50,0.5,88,1.76
69400,100,40,0.4,73,1.825
69500,100,35,0.35,66,1.8857142857142857
69600,100,40,0.4,68,1.7
69700,100,48,0.48,89,1.8541666666666667
69800,100,45,0.45,73,1.6222222222222222
69900,100,39,0.39,65,1.6666666666666667
70000,100,42,0.42,271,6.4523809523809526
70100,100,58,0.58,100,1.7241379310344827
70200,100,51,0.51,98,1.9215686274509804
70300,100,33,0.33,47,1.4242424242424243
70400,100,37,0.37,103,2.7837837837837838
70500,100,36,0.36,73,2.0277777777777777
70600,100,41,0.41,58,1.4146341463414633
70700,100,48,0.48,90,1.875
70800,100,52,0.52,167,3.2115384615384617
70900,100,43,0.43,80,1.8604651162790697
71000,100,35,0.35,119,3.4
71100,100,43,0.43,57,1.3255813953488371
71200,100,47,0.47,70,1.4893617021276595
71300,100,36,0.36,85,2.3611111111111112
71400,100,35,0.35,92,2.6285714285714286
71500,100,46,0.46,96,2.0869565217391304
71600,100,42,0.42,72,1.7142857142857142
71700,100,37,0.37,67,1.8108108108108107
71800,100,42,0.42,59,1.4047619047619047
71900,100,41,0.41,68,1.6585365853658536
72000,100,49,0.49,87,1.7755102040816326
72100,100,35,0.35,53,1.5142857142857142
72200,100,45,0.45,68,1.5111111111111111
72300,100,37,0.37,59,1.5945945945945945
72400,100,40,0.4,75,1.875
72500,100,36,0.36,58,1.6111111111111112
72600,100,42,0.42,74,1.7619047619047619
72700,100,41,0.41,67,1.6341463414634145
72800,100,46,0.46,72,1.5652173913043479
72900,100,40,0.4,61,1.525
73000,100,46,0.46,87,1.8913043478260869
73100,100,37,0.37,52,1.4054054054054055
73200,100,40,0.4,71,1.775
73300,100,33,0.33,55,1.6666666666666667
73400,100,43,0.43,82,1.9069767441860466
73500,100,34,0.34,58,1.7058823529411764
73600,100,42,0.42,56,1.3333333333333333
73700,100,44,0.44,65,1.4772727272727273
73800,100,35,0.35,53,1.5142857142857142
73900,100,44,0.44,71,1.6136363636363635
74000,100,37,0.37,55,1.4864864864864864
74100,100,34,0.34,55,1.6176470588235294
74200,100,35,0.35,49,1.4
74300,100,45,0.45,80,1.7777777777777777
74400,100,41,0.41,81,1.975609756097561
74500,100,36,0.36,48,1.3333333333333333
74600,100,47,0.47,62,1.3191489361702127
74700,100,31,0.31,47,1.5161290322580645
74800,100,35,0.35,61,1.7428571428571429
74900,100,32,0.32,64,2
75000,100,34,0.34,52,1.5294117647058822
75100,100,46,0.46,68,1.4782608695652173
75200,100,28,0.28,39,1.3928571428571428
75300,100,32,0.32,54,1.6875
75400,100,32,0.32,44,1.375
75500,100,33,0.33,50,1.5151515151515151
75600,100,40,0.4,54,1.35
75700,100,29,0.29,39,1.3448275862068966
75800,100,31,0.31,51,1.6451612903225807
75900,100,34,0.34,77,2.2647058823529411
76000,100,34,0.34,53,1.5588235294117647
76100,100,32,0.32,43,1.34375
76200,100,27,0.27,33,1.2222222222222223
76300,100,29,0.29,37,1.2758620689655173
76400,100,28,0.28,35,1.25
76500,100,28,0.28,40,1.4285714285714286
76600,100,27,0.27,40,1.4814814814814814
76700,100,28,0.28,40,1.4285714285714286
76800,100,35,0.35,48,1.3714285714285714
76900,100,39,0.39,50,1.2820512820512822
77000,100,35,0.35,49,1.4
77100,100,38,0.38,52,1.368421052631579
77200,100,34,0.34,49,1.4411764705882353
77300,100,35,0.35,48,1.3714285714285714
77400,100,34,0.34,42,1.2352941176470589
77500,100,28,0.28,42,1.5
77600,100,39,0.39,58,1.4871794871794872
77700,100,35,0.35,58,1.6571428571428573
77800,100,49,0.49,67,1.3673469387755102
77900,100,40,0.4,47,1.175
78000,100,37,0.37,45,1.2162162162162162
78100,100,39,0.39,60,1.5384615384615385
78200,100,37,0.37,49,1.3243243243243243
78300,100,40,0.4,54,1.35
78400,100,33,0.33,57,1.7272727272727273
78500,100,38,0.38,58,1.5263157894736843
78600,100,30,0.3,44,1.4666666666666666
78700,100,31,0.31,38,1.2258064516129032
78800,100,45,0.45,77,1.711111111111111
78900,100,41,0.41,65,1.5853658536585367
79000,100,39,0.39,64,1.641025641025641
79100,100,39,0.39,51,1.3076923076923077
79200,100,49,0.49,81,1.653061224489796
79300,100,40,0.4,58,1.45
79400,100,42,0.42,78,1.8571428571428572
79500,100,40,0.4,71,1.775
79600,100,40,0.4,65,1.625
79700,100,31,0.31,46,1.4838709677419355
79800,100,31,0.31,41,1.3225806451612903
79900,100,43,0.43,73,1.6976744186046511
80000,100,43,0.43,84,1.9534883720930232
80100,100,42,0.42,58,1.3809523809523809
80200,100,43,0.43,62,1.441860465116279
80300,100,32,0.32,43,1.34375
80400,100,35,0.35,58,1.6571428571428573
80500,100,35,0.35,53,1.5142857142857142
80600,100,28,0.28,49,1.75
80700,100,34,0.34,50,1.4705882352941178
80800,100,25,0.25,37,1.48
80900,100,36,0.36,47,1.3055555555555556
81000,100,29,0.29,50,1.7241379310344827
81100,100,35,0.35,48,1.3714285714285714
81200,100,29,0.29,39,1.3448275862068966
81300,100,31,0.31,37,1.1935483870967742
81400,100,34,0.34,46,1.3529411764705883
81500,100,36,0.36,57,1.5833333333333333
81600,100,35,0.35,47,1.3428571428571427
81700,95,20,0.21052631578947367,29,1.45
