fav_count,q_total,q_next_in28days_count,q_next_after29days_count,q_no_repeat_count,q_retention_28days,q_retention_after29days,no_repeat_rate
0,8604570,4261513,2380760,1962297,0.49526158773767892,0.27668552873647378,0.22805288352584732
1,4809505,2431078,1397078,981349,0.5054736402186919,0.29048270040264018,0.20404365937866786
2,2271009,1174579,690526,405904,0.51720578826415919,0.30406132252227974,0.178732889213561
3,1146770,603116,360679,182975,0.52592586133226371,0.3145172964064285,0.15955684226130784
4,641632,341655,206350,93627,0.53247811829833924,0.3216017904343923,0.14592009126726846
5,394295,212419,128244,53632,0.53873115307067043,0.32524886189274527,0.13601998503658427
6,264500,144072,86058,34370,0.544695652173913,0.32536105860113423,0.12994328922495274
7,188323,103671,61405,23247,0.55049569091401473,0.32606213792261168,0.12344217116337357
8,140498,77865,45737,16896,0.55420717732636759,0.3255348830588336,0.12025793961479879
9,108337,60505,35332,12500,0.55848878961019777,0.3261305001984548,0.11538071019134737
10,85012,47786,27928,9298,0.56210887874652993,0.32851832682444831,0.10937279442902179
11,69589,39386,22667,7536,0.56598025550015085,0.32572676716147669,0.10829297733837244
12,56953,32212,18606,6135,0.56558917001738274,0.326690428950187,0.10772040103243025
13,48022,27662,15347,5013,0.57602765399192035,0.31958269126650285,0.10438965474157677
14,41021,23696,13144,4181,0.577655347261159,0.32042124765364083,0.10192340508520026
15,35278,20330,11392,3556,0.57627983445773567,0.32292080049889449,0.10079936504336981
16,30641,17911,9676,3054,0.5845435853921217,0.31578603831467639,0.099670376293201912
17,27020,15851,8479,2690,0.586639526276832,0.31380458919319021,0.0995558845299778
18,23924,14068,7569,2287,0.5880287577328206,0.31637686005684668,0.095594382210332715
19,21295,12495,6689,2111,0.58675745480159658,0.31411129373092272,0.099131251467480627
20,18798,11173,5895,1730,0.59437174167464624,0.31359719119055218,0.092031067134801581
21,17267,10299,5424,1544,0.59645566687901774,0.31412520993803206,0.08941912318295013
22,15400,9260,4783,1357,0.60129870129870133,0.31058441558441557,0.088116883116883121
23,14048,8353,4388,1307,0.59460421412300679,0.31235763097949887,0.0930381548974943
24,12657,7642,3846,1169,0.60377656632693366,0.30386347475705144,0.092359958916014853
25,11613,7058,3558,997,0.6077671574959097,0.30638078016016534,0.085852062343924909
26,10795,6587,3253,955,0.61018990273274665,0.30134321445113477,0.088466882816118572
27,9869,6043,2985,841,0.612321410477252,0.30246225554767453,0.085216333975073458
28,9136,5597,2673,866,0.61263134851138357,0.2925788091068301,0.094789842381786338
29,8503,5217,2548,738,0.61354815947312713,0.2996589439021522,0.086792896624720686
30,7725,4572,2447,706,0.59184466019417481,0.31676375404530743,0.0913915857605178
31,7429,4560,2208,661,0.61381074168797956,0.29721362229102166,0.088975636020998783
32,6861,4215,2056,590,0.61434193266287718,0.29966477189914009,0.0859932954379828
33,6395,3981,1914,500,0.62251759186864741,0.29929632525410477,0.078186082877247848
34,6002,3720,1787,495,0.61979340219926693,0.297734088637121,0.082472509163612123
35,5741,3572,1666,503,0.62219125587876678,0.29019334610695,0.087615398014283224
36,5149,3177,1518,454,0.61701301223538552,0.29481452709263933,0.088172460671975136
37,5106,3221,1469,416,0.63082647865256558,0.28770074422248337,0.081472777124951032
38,4772,2926,1462,384,0.61316010058675607,0.30637049455155069,0.080469404861693211
39,4597,2895,1346,356,0.62975853817707206,0.29279965194692192,0.077441809876006087
40,4233,2594,1282,357,0.61280415780770137,0.30285849279470822,0.084337349397590355
41,4051,2557,1133,361,0.631202172303135,0.27968402863490494,0.089113799061960014
42,3853,2422,1085,346,0.62860109005969378,0.28159875421749286,0.0898001557228134
43,3700,2327,1069,304,0.62891891891891893,0.28891891891891891,0.082162162162162156
44,3526,2209,1018,299,0.62648893930799776,0.288712422007941,0.084798638684061262
45,3272,2080,912,280,0.63569682151589246,0.27872860635696822,0.08557457212713937
46,3251,2032,975,244,0.62503844970778222,0.29990772070132266,0.075053829590895113
47,3124,2049,842,233,0.65588988476312415,0.26952624839948786,0.074583866837387963
48,2844,1772,852,220,0.62306610407876228,0.29957805907172996,0.077355836849507739
49,2693,1709,771,213,0.6346082435945043,0.28629780913479391,0.07909394727070182
50,2654,1681,747,226,0.63338357196684247,0.28146194423511678,0.085154483798040692
51,2558,1607,750,201,0.62822517591868643,0.29319781078967944,0.078577013291634093
52,2470,1565,710,195,0.6336032388663968,0.2874493927125506,0.078947368421052627
53,2425,1556,669,200,0.6416494845360825,0.2758762886597938,0.08247422680412371
54,2312,1485,648,179,0.64230103806228378,0.28027681660899656,0.07742214532871973
55,2211,1425,628,158,0.64450474898236088,0.28403437358661238,0.071460877431026679
56,2158,1396,607,155,0.64689527340129749,0.28127896200185359,0.071825764596848932
57,1987,1315,528,144,0.66180171112229491,0.26572722697533968,0.07247106190236538
58,1918,1237,530,151,0.64494264859228367,0.27632950990615224,0.07872784150156413
59,1861,1187,548,126,0.63782912412681358,0.29446534121440088,0.0677055346587856
60,1753,1110,508,135,0.63320022818026245,0.28978893325727323,0.077010838562464351
61,1823,1176,494,153,0.64509051014810748,0.27098189797037847,0.083927591881513983
62,1710,1110,460,140,0.64912280701754388,0.26900584795321636,0.081871345029239762
63,1601,1052,428,121,0.65708931917551527,0.26733291692692068,0.075577763897564029
64,1604,1079,410,115,0.67269326683291775,0.25561097256857856,0.071695760598503744
65,1552,983,431,138,0.63337628865979378,0.27770618556701032,0.08891752577319588
66,1530,1013,395,122,0.66209150326797384,0.2581699346405229,0.079738562091503262
67,1425,898,420,107,0.63017543859649128,0.29473684210526313,0.07508771929824562
68,1493,1010,387,96,0.67649028801071664,0.2592096450100469,0.064300066979236431
69,1306,874,344,88,0.669218989280245,0.26339969372128635,0.06738131699846861
70,1279,827,345,107,0.64659890539483977,0.26974198592650506,0.0836591086786552
71,1199,759,337,103,0.6330275229357798,0.2810675562969141,0.085904920767306089
72,1213,768,356,89,0.63314097279472381,0.29348722176422093,0.073371805441055232
73,1139,718,323,98,0.630377524143986,0.28358208955223879,0.086040386303775238
74,1186,762,344,80,0.642495784148398,0.2900505902192243,0.067453625632377737
75,1147,755,321,71,0.6582388840453357,0.2798605056669573,0.061900610287707061
76,1061,666,309,86,0.62770970782280866,0.29123468426013194,0.081055607917059375
77,1060,676,299,85,0.63773584905660374,0.2820754716981132,0.080188679245283015
78,1017,692,262,63,0.68043264503441492,0.25762045231071778,0.061946902654867256
79,981,650,271,60,0.66258919469928645,0.2762487257900102,0.061162079510703363
80,961,631,271,59,0.65660770031217486,0.28199791883454733,0.061394380853277836
81,946,636,249,61,0.67230443974630016,0.2632135306553911,0.064482029598308663
82,919,583,254,82,0.63438520130576714,0.2763873775843308,0.089227421109902061
83,893,577,241,75,0.64613661814109746,0.26987681970884658,0.083986562150056
84,914,621,232,61,0.6794310722100656,0.25382932166301969,0.066739606126914666
85,811,527,230,54,0.64981504315659677,0.28360049321824909,0.066584463625154133
86,893,605,223,65,0.67749160134378494,0.24972004479283313,0.072788353863381852
87,811,537,217,57,0.66214549938347722,0.26757090012330459,0.070283600493218246
88,761,527,177,57,0.69250985545335086,0.2325886990801577,0.074901445466491454
89,847,547,228,72,0.64580873671782768,0.269185360094451,0.085005903187721374
90,754,509,185,60,0.67506631299734743,0.24535809018567639,0.079575596816976124
91,739,514,172,53,0.69553450608930989,0.2327469553450609,0.071718538565629222
92,711,488,170,53,0.68635724331926862,0.23909985935302391,0.074542897327707455
93,694,471,185,38,0.67867435158501443,0.2665706051873199,0.054755043227665709
94,704,443,199,62,0.62926136363636365,0.28267045454545453,0.088068181818181823
95,672,447,182,43,0.6651785714285714,0.27083333333333331,0.063988095238095233
96,692,475,169,48,0.68641618497109824,0.24421965317919075,0.069364161849710976
97,646,429,175,42,0.66408668730650156,0.27089783281733748,0.065015479876160992
98,659,437,175,47,0.66312594840667682,0.26555386949924126,0.071320182094081946
99,622,389,186,47,0.62540192926045013,0.29903536977491962,0.075562700964630219
100,581,380,157,44,0.65404475043029264,0.270223752151463,0.0757314974182444
101,554,387,127,40,0.69855595667870041,0.2292418772563177,0.072202166064981949
102,559,368,142,49,0.65831842576028621,0.25402504472271914,0.087656529516994638
103,594,388,157,49,0.65319865319865322,0.26430976430976433,0.082491582491582491
104,520,345,138,37,0.66346153846153844,0.26538461538461539,0.071153846153846151
105,533,355,140,38,0.66604127579737338,0.26266416510318952,0.071294559099437146
106,505,339,142,24,0.67128712871287133,0.28118811881188122,0.047524752475247525
107,544,357,151,36,0.65625,0.27757352941176472,0.0661764705882353
108,525,339,146,40,0.64571428571428569,0.27809523809523812,0.0761904761904762
109,483,325,122,36,0.67287784679089024,0.2525879917184265,0.074534161490683232
110,521,340,139,42,0.65259117082533591,0.2667946257197697,0.080614203454894437
111,483,307,142,34,0.63561076604554867,0.2939958592132505,0.070393374741200831
112,485,314,142,29,0.64742268041237117,0.29278350515463919,0.059793814432989693
113,484,334,121,29,0.69008264462809921,0.25,0.059917355371900828
114,389,262,96,31,0.67352185089974292,0.2467866323907455,0.079691516709511565
115,427,289,116,22,0.6768149882903981,0.27166276346604218,0.051522248243559721
116,436,305,103,28,0.69954128440366969,0.23623853211009174,0.064220183486238536
117,425,305,99,21,0.71764705882352942,0.23294117647058823,0.049411764705882349
118,385,268,100,17,0.69610389610389611,0.25974025974025972,0.044155844155844157
119,427,285,115,27,0.667447306791569,0.26932084309133492,0.06323185011709602
120,392,255,112,25,0.65051020408163263,0.2857142857142857,0.063775510204081634
121,415,299,96,20,0.72048192771084341,0.23132530120481928,0.048192771084337352
122,403,278,101,24,0.6898263027295285,0.25062034739454092,0.059553349875930521
123,374,234,112,28,0.62566844919786091,0.29946524064171121,0.0748663101604278
124,371,250,94,27,0.67385444743935308,0.25336927223719674,0.07277628032345014
125,369,255,90,24,0.69105691056910568,0.24390243902439024,0.065040650406504072
126,334,227,86,21,0.67964071856287422,0.25748502994011974,0.062874251497005984
127,382,253,97,32,0.662303664921466,0.25392670157068065,0.083769633507853408
128,357,233,95,29,0.65266106442577032,0.26610644257703081,0.081232492997198882
129,342,227,96,19,0.66374269005847952,0.2807017543859649,0.055555555555555552
130,310,215,71,24,0.69354838709677424,0.22903225806451613,0.077419354838709681
131,326,206,94,26,0.63190184049079756,0.28834355828220859,0.079754601226993863
132,327,231,73,23,0.70642201834862384,0.22324159021406728,0.070336391437308868
133,354,224,102,28,0.632768361581921,0.288135593220339,0.07909604519774012
134,290,205,61,24,0.7068965517241379,0.2103448275862069,0.082758620689655171
135,311,201,86,24,0.6463022508038585,0.27652733118971062,0.077170418006430874
136,317,196,100,21,0.6182965299684543,0.31545741324921134,0.066246056782334389
137,295,204,72,19,0.69152542372881354,0.2440677966101695,0.064406779661016947
138,266,187,64,15,0.70300751879699253,0.24060150375939848,0.056390977443609019
139,285,191,68,26,0.6701754385964912,0.23859649122807017,0.0912280701754386
140,287,187,79,21,0.65156794425087106,0.27526132404181186,0.073170731707317069
141,260,176,70,14,0.676923076923077,0.26923076923076922,0.053846153846153849
142,265,172,77,16,0.64905660377358487,0.29056603773584905,0.060377358490566038
143,248,182,51,15,0.7338709677419355,0.20564516129032259,0.060483870967741937
144,265,175,75,15,0.660377358490566,0.28301886792452829,0.056603773584905662
145,285,191,79,15,0.6701754385964912,0.27719298245614032,0.052631578947368418
146,248,166,67,15,0.66935483870967738,0.27016129032258063,0.060483870967741937
147,241,168,48,25,0.69709543568464727,0.19917012448132779,0.1037344398340249
148,262,177,61,24,0.67557251908396942,0.23282442748091603,0.0916030534351145
149,213,146,53,14,0.68544600938967137,0.24882629107981222,0.065727699530516437
150,223,156,50,17,0.69955156950672648,0.22421524663677131,0.07623318385650224
151,235,171,49,15,0.72765957446808516,0.20851063829787234,0.063829787234042548
152,264,182,64,18,0.68939393939393945,0.24242424242424243,0.068181818181818177
153,224,151,58,15,0.6741071428571429,0.25892857142857145,0.066964285714285712
154,235,150,74,11,0.63829787234042556,0.31489361702127661,0.046808510638297871
155,245,176,61,8,0.71836734693877546,0.24897959183673468,0.0326530612244898
156,236,165,51,20,0.69915254237288138,0.21610169491525424,0.0847457627118644
157,203,134,50,19,0.66009852216748766,0.24630541871921183,0.093596059113300489
158,196,117,63,16,0.59693877551020413,0.32142857142857145,0.081632653061224483
159,208,135,58,15,0.64903846153846156,0.27884615384615385,0.072115384615384609
160,231,169,44,18,0.73160173160173159,0.19047619047619047,0.07792207792207792
161,206,137,52,17,0.66504854368932043,0.25242718446601942,0.0825242718446602
162,212,143,55,14,0.67452830188679247,0.25943396226415094,0.0660377358490566
163,212,133,67,12,0.62735849056603776,0.31603773584905659,0.056603773584905662
164,178,123,42,13,0.6910112359550562,0.23595505617977527,0.073033707865168537
165,193,122,59,12,0.63212435233160624,0.30569948186528495,0.062176165803108807
166,206,133,54,19,0.64563106796116509,0.26213592233009708,0.092233009708737865
167,162,106,35,21,0.654320987654321,0.21604938271604937,0.12962962962962962
168,197,123,61,13,0.62436548223350252,0.30964467005076141,0.065989847715736044
169,177,117,48,12,0.66101694915254239,0.2711864406779661,0.067796610169491525
170,196,131,50,15,0.66836734693877553,0.25510204081632654,0.076530612244897961
171,193,135,47,11,0.69948186528497414,0.24352331606217617,0.056994818652849742
172,185,132,46,7,0.71351351351351355,0.24864864864864866,0.03783783783783784
173,172,119,41,12,0.69186046511627908,0.23837209302325582,0.069767441860465115
174,168,110,44,14,0.65476190476190477,0.26190476190476192,0.083333333333333329
175,167,112,42,13,0.6706586826347305,0.25149700598802394,0.077844311377245512
176,168,105,53,10,0.625,0.31547619047619047,0.059523809523809521
177,168,117,38,13,0.6964285714285714,0.22619047619047619,0.077380952380952384
178,176,115,44,17,0.65340909090909094,0.25,0.096590909090909088
179,168,107,49,12,0.63690476190476186,0.29166666666666669,0.071428571428571425
180,172,116,39,17,0.67441860465116277,0.22674418604651161,0.098837209302325577
181,161,108,40,13,0.67080745341614911,0.2484472049689441,0.080745341614906832
182,142,99,34,9,0.69718309859154926,0.23943661971830985,0.063380281690140844
183,159,108,43,8,0.67924528301886788,0.27044025157232704,0.050314465408805034
184,144,94,42,8,0.65277777777777779,0.29166666666666669,0.055555555555555552
185,131,95,30,6,0.72519083969465647,0.22900763358778625,0.045801526717557252
186,160,102,44,14,0.6375,0.275,0.0875
187,148,94,44,10,0.63513513513513509,0.29729729729729731,0.067567567567567571
188,153,105,41,7,0.68627450980392157,0.26797385620915032,0.0457516339869281
189,161,105,46,10,0.65217391304347827,0.2857142857142857,0.062111801242236024
190,152,116,31,5,0.76315789473684215,0.20394736842105263,0.032894736842105261
191,131,95,29,7,0.72519083969465647,0.22137404580152673,0.053435114503816793
192,133,88,35,10,0.66165413533834583,0.26315789473684209,0.075187969924812026
193,131,86,39,6,0.65648854961832059,0.29770992366412213,0.045801526717557252
194,125,82,31,12,0.656,0.248,0.096
195,147,94,46,7,0.63945578231292521,0.31292517006802723,0.047619047619047616
196,130,84,37,9,0.64615384615384619,0.2846153846153846,0.069230769230769235
197,127,93,24,10,0.73228346456692917,0.1889763779527559,0.07874015748031496
198,121,78,32,11,0.64462809917355368,0.26446280991735538,0.090909090909090912
199,124,83,34,7,0.66935483870967738,0.27419354838709675,0.056451612903225805
200,118,86,30,2,0.72881355932203384,0.25423728813559321,0.016949152542372881
201,118,80,32,6,0.67796610169491522,0.2711864406779661,0.050847457627118647
202,126,86,30,10,0.68253968253968256,0.23809523809523808,0.079365079365079361
203,129,92,29,8,0.71317829457364346,0.22480620155038761,0.062015503875968991
204,123,79,33,11,0.64227642276422769,0.26829268292682928,0.08943089430894309
205,111,79,23,9,0.71171171171171166,0.2072072072072072,0.081081081081081086
206,112,75,27,10,0.6696428571428571,0.24107142857142858,0.089285714285714288
207,96,68,22,6,0.70833333333333337,0.22916666666666666,0.0625
208,93,68,21,4,0.73118279569892475,0.22580645161290322,0.043010752688172046
209,116,82,30,4,0.7068965517241379,0.25862068965517243,0.034482758620689655
210,131,87,31,13,0.66412213740458015,0.23664122137404581,0.099236641221374045
211,103,82,13,8,0.79611650485436891,0.12621359223300971,0.077669902912621352
212,111,80,25,6,0.72072072072072069,0.22522522522522523,0.054054054054054057
213,116,77,32,7,0.66379310344827591,0.27586206896551724,0.0603448275862069
214,120,80,32,8,0.66666666666666663,0.26666666666666666,0.066666666666666666
215,88,65,18,5,0.73863636363636365,0.20454545454545456,0.056818181818181816
216,109,68,34,7,0.62385321100917435,0.31192660550458717,0.064220183486238536
217,105,66,36,3,0.62857142857142856,0.34285714285714286,0.028571428571428571
218,108,61,41,6,0.56481481481481477,0.37962962962962965,0.055555555555555552
219,83,51,25,7,0.61445783132530118,0.30120481927710846,0.084337349397590355
220,97,72,22,3,0.74226804123711343,0.22680412371134021,0.030927835051546393
221,105,71,31,3,0.67619047619047623,0.29523809523809524,0.028571428571428571
222,94,65,25,4,0.69148936170212771,0.26595744680851063,0.0425531914893617
223,91,56,29,6,0.61538461538461542,0.31868131868131866,0.065934065934065936
224,104,72,27,5,0.69230769230769229,0.25961538461538464,0.04807692307692308
225,94,66,22,6,0.7021276595744681,0.23404255319148937,0.063829787234042548
226,87,62,21,4,0.71264367816091956,0.2413793103448276,0.045977011494252873
227,100,61,29,10,0.61,0.29,0.1
228,90,61,23,6,0.67777777777777781,0.25555555555555554,0.066666666666666666
229,108,77,29,2,0.71296296296296291,0.26851851851851855,0.018518518518518517
230,84,64,15,5,0.76190476190476186,0.17857142857142858,0.059523809523809521
231,72,52,14,6,0.72222222222222221,0.19444444444444445,0.083333333333333329
232,75,52,17,6,0.69333333333333336,0.22666666666666666,0.08
233,98,70,22,6,0.7142857142857143,0.22448979591836735,0.061224489795918366
234,89,69,14,6,0.7752808988764045,0.15730337078651685,0.06741573033707865
235,97,67,28,2,0.69072164948453607,0.28865979381443296,0.020618556701030927
236,96,68,22,6,0.70833333333333337,0.22916666666666666,0.0625
237,96,65,26,5,0.67708333333333337,0.27083333333333331,0.052083333333333336
238,75,47,24,4,0.62666666666666671,0.32,0.053333333333333337
239,65,40,21,4,0.61538461538461542,0.32307692307692309,0.061538461538461542
240,79,62,15,2,0.78481012658227844,0.189873417721519,0.025316455696202531
241,85,68,13,4,0.8,0.15294117647058825,0.047058823529411764
242,76,43,26,7,0.56578947368421051,0.34210526315789475,0.092105263157894732
243,78,51,19,8,0.65384615384615385,0.24358974358974358,0.10256410256410256
244,75,53,18,4,0.70666666666666667,0.24,0.053333333333333337
245,79,55,19,5,0.69620253164556967,0.24050632911392406,0.063291139240506333
246,77,59,15,3,0.76623376623376627,0.19480519480519481,0.03896103896103896
247,75,48,20,7,0.64,0.26666666666666666,0.093333333333333338
248,83,57,20,6,0.68674698795180722,0.24096385542168675,0.072289156626506021
249,86,62,17,7,0.72093023255813948,0.19767441860465115,0.081395348837209308
250,67,42,19,6,0.62686567164179108,0.28358208955223879,0.089552238805970144
251,69,42,20,7,0.60869565217391308,0.28985507246376813,0.10144927536231885
252,59,41,15,3,0.69491525423728817,0.25423728813559321,0.050847457627118647
253,58,39,16,3,0.67241379310344829,0.27586206896551724,0.051724137931034482
254,67,41,16,10,0.61194029850746268,0.23880597014925373,0.14925373134328357
255,74,59,14,1,0.79729729729729726,0.1891891891891892,0.013513513513513514
256,78,59,15,4,0.75641025641025639,0.19230769230769232,0.05128205128205128
257,63,38,24,1,0.60317460317460314,0.38095238095238093,0.015873015873015872
258,65,44,11,10,0.676923076923077,0.16923076923076924,0.15384615384615385
259,61,47,12,2,0.77049180327868849,0.19672131147540983,0.032786885245901641
260,65,47,11,7,0.72307692307692306,0.16923076923076924,0.1076923076923077
261,66,42,15,9,0.63636363636363635,0.22727272727272727,0.13636363636363635
262,49,34,10,5,0.69387755102040816,0.20408163265306123,0.10204081632653061
263,60,37,19,4,0.6166666666666667,0.31666666666666665,0.066666666666666666
264,75,56,16,3,0.7466666666666667,0.21333333333333335,0.04
265,61,51,7,3,0.83606557377049184,0.11475409836065574,0.049180327868852458
266,52,38,13,1,0.73076923076923073,0.25,0.019230769230769232
267,60,46,11,3,0.76666666666666672,0.18333333333333332,0.05
268,60,38,17,5,0.6333333333333333,0.28333333333333333,0.083333333333333329
269,64,45,14,5,0.703125,0.21875,0.078125
270,64,49,13,2,0.765625,0.203125,0.03125
271,67,45,17,5,0.67164179104477617,0.2537313432835821,0.074626865671641784
272,68,54,10,4,0.79411764705882348,0.14705882352941177,0.058823529411764705
273,67,42,16,9,0.62686567164179108,0.23880597014925373,0.13432835820895522
274,57,44,11,2,0.77192982456140347,0.19298245614035087,0.035087719298245612
275,59,48,8,3,0.81355932203389836,0.13559322033898305,0.050847457627118647
276,53,38,14,1,0.71698113207547165,0.26415094339622641,0.018867924528301886
277,57,34,13,10,0.59649122807017541,0.22807017543859648,0.17543859649122806
278,53,33,11,9,0.62264150943396224,0.20754716981132076,0.16981132075471697
279,66,48,16,2,0.72727272727272729,0.24242424242424243,0.030303030303030304
280,52,30,16,6,0.57692307692307687,0.30769230769230771,0.11538461538461539
281,70,51,16,3,0.72857142857142854,0.22857142857142856,0.042857142857142858
282,45,35,7,3,0.77777777777777779,0.15555555555555556,0.066666666666666666
283,63,47,13,3,0.746031746031746,0.20634920634920634,0.047619047619047616
284,37,29,6,2,0.78378378378378377,0.16216216216216217,0.054054054054054057
285,50,40,9,1,0.8,0.18,0.02
286,54,37,15,2,0.68518518518518523,0.27777777777777779,0.037037037037037035
287,47,34,11,2,0.723404255319149,0.23404255319148937,0.0425531914893617
288,51,40,10,1,0.78431372549019607,0.19607843137254902,0.0196078431372549
289,38,33,4,1,0.868421052631579,0.10526315789473684,0.026315789473684209
290,48,28,15,5,0.58333333333333337,0.3125,0.10416666666666667
291,50,38,10,2,0.76,0.2,0.04
292,60,33,24,3,0.55,0.4,0.05
293,57,33,24,0,0.57894736842105265,0.42105263157894735,0
294,57,34,16,7,0.59649122807017541,0.2807017543859649,0.12280701754385964
295,50,37,12,1,0.74,0.24,0.02
296,39,24,10,5,0.61538461538461542,0.25641025641025639,0.12820512820512819
297,43,32,10,1,0.7441860465116279,0.23255813953488372,0.023255813953488372
298,45,32,13,0,0.71111111111111114,0.28888888888888886,0
299,48,31,13,4,0.64583333333333337,0.27083333333333331,0.083333333333333329
300,39,25,10,4,0.64102564102564108,0.25641025641025639,0.10256410256410256
301,37,24,6,7,0.64864864864864868,0.16216216216216217,0.1891891891891892
302,43,35,5,3,0.813953488372093,0.11627906976744186,0.069767441860465115
303,44,31,8,5,0.70454545454545459,0.18181818181818182,0.11363636363636363
304,49,33,14,2,0.673469387755102,0.2857142857142857,0.040816326530612242
305,49,36,8,5,0.73469387755102045,0.16326530612244897,0.10204081632653061
306,41,32,8,1,0.78048780487804881,0.1951219512195122,0.024390243902439025
307,42,29,9,4,0.69047619047619047,0.21428571428571427,0.095238095238095233
308,41,29,9,3,0.70731707317073167,0.21951219512195122,0.073170731707317069
309,57,43,11,3,0.75438596491228072,0.19298245614035087,0.052631578947368418
310,49,35,9,5,0.7142857142857143,0.18367346938775511,0.10204081632653061
311,43,32,9,2,0.7441860465116279,0.20930232558139536,0.046511627906976744
312,44,31,10,3,0.70454545454545459,0.22727272727272727,0.068181818181818177
313,45,33,8,4,0.73333333333333328,0.17777777777777778,0.088888888888888892
314,45,28,15,2,0.62222222222222223,0.33333333333333331,0.044444444444444446
315,38,27,11,0,0.71052631578947367,0.28947368421052633,0
316,38,24,13,1,0.631578947368421,0.34210526315789475,0.026315789473684209
317,33,23,9,1,0.696969696969697,0.27272727272727271,0.030303030303030304
318,40,23,10,7,0.575,0.25,0.175
319,37,28,3,6,0.7567567567567568,0.081081081081081086,0.16216216216216217
320,40,27,11,2,0.675,0.275,0.05
321,36,30,6,0,0.83333333333333337,0.16666666666666666,0
322,29,18,11,0,0.62068965517241381,0.37931034482758619,0
323,33,26,7,0,0.78787878787878785,0.21212121212121213,0
324,33,22,7,4,0.66666666666666663,0.21212121212121213,0.12121212121212122
325,34,21,9,4,0.61764705882352944,0.26470588235294118,0.11764705882352941
326,26,19,6,1,0.73076923076923073,0.23076923076923078,0.038461538461538464
327,40,29,9,2,0.725,0.225,0.05
328,38,28,10,0,0.73684210526315785,0.26315789473684209,0
329,38,21,11,6,0.55263157894736847,0.28947368421052633,0.15789473684210525
330,32,24,7,1,0.75,0.21875,0.03125
331,30,24,6,0,0.8,0.2,0
332,33,23,9,1,0.696969696969697,0.27272727272727271,0.030303030303030304
333,40,28,11,1,0.7,0.275,0.025
334,45,32,8,5,0.71111111111111114,0.17777777777777778,0.1111111111111111
335,37,23,11,3,0.6216216216216216,0.29729729729729731,0.081081081081081086
336,34,25,8,1,0.73529411764705888,0.23529411764705882,0.029411764705882353
337,29,21,6,2,0.72413793103448276,0.20689655172413793,0.068965517241379309
338,34,20,13,1,0.58823529411764708,0.38235294117647056,0.029411764705882353
339,35,29,4,2,0.82857142857142863,0.11428571428571428,0.057142857142857141
340,38,30,6,2,0.78947368421052633,0.15789473684210525,0.052631578947368418
341,35,27,6,2,0.77142857142857146,0.17142857142857143,0.057142857142857141
342,32,23,5,4,0.71875,0.15625,0.125
343,23,19,4,0,0.82608695652173914,0.17391304347826086,0
344,33,20,11,2,0.60606060606060608,0.33333333333333331,0.060606060606060608
345,32,21,8,3,0.65625,0.25,0.09375
346,28,13,8,7,0.4642857142857143,0.2857142857142857,0.25
347,24,21,3,0,0.875,0.125,0
348,34,23,11,0,0.67647058823529416,0.3235294117647059,0
349,42,32,8,2,0.76190476190476186,0.19047619047619047,0.047619047619047616
350,25,15,8,2,0.6,0.32,0.08
351,24,17,6,1,0.70833333333333337,0.25,0.041666666666666664
352,27,20,5,2,0.7407407407407407,0.18518518518518517,0.07407407407407407
353,29,19,5,5,0.65517241379310343,0.17241379310344829,0.17241379310344829
354,40,28,10,2,0.7,0.25,0.05
355,24,15,7,2,0.625,0.29166666666666669,0.083333333333333329
356,31,21,8,2,0.67741935483870963,0.25806451612903225,0.064516129032258063
357,31,21,8,2,0.67741935483870963,0.25806451612903225,0.064516129032258063
358,31,24,5,2,0.77419354838709675,0.16129032258064516,0.064516129032258063
359,33,24,8,1,0.72727272727272729,0.24242424242424243,0.030303030303030304
360,25,15,7,3,0.6,0.28,0.12
361,27,22,3,2,0.81481481481481477,0.1111111111111111,0.07407407407407407
362,38,29,6,3,0.76315789473684215,0.15789473684210525,0.078947368421052627
363,35,26,8,1,0.74285714285714288,0.22857142857142856,0.028571428571428571
364,28,19,7,2,0.6785714285714286,0.25,0.071428571428571425
365,32,23,9,0,0.71875,0.28125,0
366,29,19,8,2,0.65517241379310343,0.27586206896551724,0.068965517241379309
367,25,19,3,3,0.76,0.12,0.12
368,23,18,5,0,0.782608695652174,0.21739130434782608,0
369,26,19,7,0,0.73076923076923073,0.26923076923076922,0
370,21,15,4,2,0.7142857142857143,0.19047619047619047,0.095238095238095233
371,21,11,8,2,0.52380952380952384,0.38095238095238093,0.095238095238095233
372,33,21,9,3,0.63636363636363635,0.27272727272727271,0.090909090909090912
373,31,23,7,1,0.74193548387096775,0.22580645161290322,0.032258064516129031
374,29,23,5,1,0.7931034482758621,0.17241379310344829,0.034482758620689655
375,29,20,6,3,0.68965517241379315,0.20689655172413793,0.10344827586206896
376,23,18,5,0,0.782608695652174,0.21739130434782608,0
377,19,12,6,1,0.631578947368421,0.31578947368421051,0.052631578947368418
378,26,17,8,1,0.65384615384615385,0.30769230769230771,0.038461538461538464
379,28,16,10,2,0.5714285714285714,0.35714285714285715,0.071428571428571425
380,33,21,10,2,0.63636363636363635,0.30303030303030304,0.060606060606060608
381,30,20,8,2,0.66666666666666663,0.26666666666666666,0.066666666666666666
382,29,21,5,3,0.72413793103448276,0.17241379310344829,0.10344827586206896
383,27,18,8,1,0.66666666666666663,0.29629629629629628,0.037037037037037035
384,22,18,4,0,0.81818181818181823,0.18181818181818182,0
385,23,19,3,1,0.82608695652173914,0.13043478260869565,0.043478260869565216
386,18,12,4,2,0.66666666666666663,0.22222222222222221,0.1111111111111111
387,29,22,6,1,0.75862068965517238,0.20689655172413793,0.034482758620689655
388,26,20,5,1,0.76923076923076927,0.19230769230769232,0.038461538461538464
389,22,16,5,1,0.72727272727272729,0.22727272727272727,0.045454545454545456
390,21,16,4,1,0.76190476190476186,0.19047619047619047,0.047619047619047616
391,12,6,2,4,0.5,0.16666666666666666,0.33333333333333331
392,24,15,8,1,0.625,0.33333333333333331,0.041666666666666664
393,20,13,4,3,0.65,0.2,0.15
394,30,18,10,2,0.6,0.33333333333333331,0.066666666666666666
395,26,15,8,3,0.57692307692307687,0.30769230769230771,0.11538461538461539
396,32,19,9,4,0.59375,0.28125,0.125
397,25,18,6,1,0.72,0.24,0.04
398,28,21,5,2,0.75,0.17857142857142858,0.071428571428571425
399,16,12,3,1,0.75,0.1875,0.0625
400,21,14,5,2,0.66666666666666663,0.23809523809523808,0.095238095238095233
401,23,15,8,0,0.65217391304347827,0.34782608695652173,0
402,24,19,3,2,0.79166666666666663,0.125,0.083333333333333329
403,17,11,6,0,0.6470588235294118,0.35294117647058826,0
404,26,19,6,1,0.73076923076923073,0.23076923076923078,0.038461538461538464
405,18,13,3,2,0.72222222222222221,0.16666666666666666,0.1111111111111111
406,21,14,7,0,0.66666666666666663,0.33333333333333331,0
407,23,17,5,1,0.73913043478260865,0.21739130434782608,0.043478260869565216
408,25,20,1,4,0.8,0.04,0.16
409,24,13,6,5,0.54166666666666663,0.25,0.20833333333333334
410,24,17,5,2,0.70833333333333337,0.20833333333333334,0.083333333333333329
411,22,18,3,1,0.81818181818181823,0.13636363636363635,0.045454545454545456
412,18,12,4,2,0.66666666666666663,0.22222222222222221,0.1111111111111111
413,21,13,8,0,0.61904761904761907,0.38095238095238093,0
414,23,18,5,0,0.782608695652174,0.21739130434782608,0
415,18,15,3,0,0.83333333333333337,0.16666666666666666,0
416,20,16,2,2,0.8,0.1,0.1
417,27,19,8,0,0.70370370370370372,0.29629629629629628,0
418,24,16,7,1,0.66666666666666663,0.29166666666666669,0.041666666666666664
419,15,11,3,1,0.73333333333333328,0.2,0.066666666666666666
420,24,13,9,2,0.54166666666666663,0.375,0.083333333333333329
421,13,11,1,1,0.84615384615384615,0.076923076923076927,0.076923076923076927
422,19,11,6,2,0.57894736842105265,0.31578947368421051,0.10526315789473684
423,22,17,4,1,0.77272727272727271,0.18181818181818182,0.045454545454545456
424,21,17,3,1,0.80952380952380953,0.14285714285714285,0.047619047619047616
425,16,11,4,1,0.6875,0.25,0.0625
426,18,15,3,0,0.83333333333333337,0.16666666666666666,0
427,22,13,9,0,0.59090909090909094,0.40909090909090912,0
428,25,18,6,1,0.72,0.24,0.04
429,18,12,5,1,0.66666666666666663,0.27777777777777779,0.055555555555555552
430,18,8,9,1,0.44444444444444442,0.5,0.055555555555555552
431,18,9,9,0,0.5,0.5,0
432,21,14,7,0,0.66666666666666663,0.33333333333333331,0
433,17,13,3,1,0.76470588235294112,0.17647058823529413,0.058823529411764705
434,15,13,2,0,0.8666666666666667,0.13333333333333333,0
435,23,19,3,1,0.82608695652173914,0.13043478260869565,0.043478260869565216
436,24,18,2,4,0.75,0.083333333333333329,0.16666666666666666
437,22,15,7,0,0.68181818181818177,0.31818181818181818,0
438,17,13,3,1,0.76470588235294112,0.17647058823529413,0.058823529411764705
439,18,11,5,2,0.61111111111111116,0.27777777777777779,0.1111111111111111
440,17,12,4,1,0.70588235294117652,0.23529411764705882,0.058823529411764705
441,8,4,3,1,0.5,0.375,0.125
442,21,17,2,2,0.80952380952380953,0.095238095238095233,0.095238095238095233
443,13,9,3,1,0.69230769230769229,0.23076923076923078,0.076923076923076927
444,22,15,4,3,0.68181818181818177,0.18181818181818182,0.13636363636363635
445,16,10,4,2,0.625,0.25,0.125
446,16,12,4,0,0.75,0.25,0
447,13,11,1,1,0.84615384615384615,0.076923076923076927,0.076923076923076927
448,16,15,0,1,0.9375,0,0.0625
449,18,13,3,2,0.72222222222222221,0.16666666666666666,0.1111111111111111
450,13,10,1,2,0.76923076923076927,0.076923076923076927,0.15384615384615385
451,13,9,4,0,0.69230769230769229,0.30769230769230771,0
452,15,10,5,0,0.66666666666666663,0.33333333333333331,0
453,13,8,3,2,0.61538461538461542,0.23076923076923078,0.15384615384615385
454,18,10,5,3,0.55555555555555558,0.27777777777777779,0.16666666666666666
455,12,10,1,1,0.83333333333333337,0.083333333333333329,0.083333333333333329
456,22,19,2,1,0.86363636363636365,0.090909090909090912,0.045454545454545456
457,8,7,0,1,0.875,0,0.125
458,11,9,2,0,0.81818181818181823,0.18181818181818182,0
459,15,10,5,0,0.66666666666666663,0.33333333333333331,0
460,19,16,3,0,0.84210526315789469,0.15789473684210525,0
461,17,9,7,1,0.52941176470588236,0.41176470588235292,0.058823529411764705
462,12,9,3,0,0.75,0.25,0
463,12,10,2,0,0.83333333333333337,0.16666666666666666,0
464,12,11,1,0,0.91666666666666663,0.083333333333333329,0
465,14,8,6,0,0.5714285714285714,0.42857142857142855,0
466,18,13,5,0,0.72222222222222221,0.27777777777777779,0
467,19,17,2,0,0.89473684210526316,0.10526315789473684,0
468,18,16,1,1,0.88888888888888884,0.055555555555555552,0.055555555555555552
469,14,9,2,3,0.6428571428571429,0.14285714285714285,0.21428571428571427
470,17,12,4,1,0.70588235294117652,0.23529411764705882,0.058823529411764705
471,17,13,3,1,0.76470588235294112,0.17647058823529413,0.058823529411764705
472,18,12,5,1,0.66666666666666663,0.27777777777777779,0.055555555555555552
473,15,9,5,1,0.6,0.33333333333333331,0.066666666666666666
474,12,9,3,0,0.75,0.25,0
475,13,8,2,3,0.61538461538461542,0.15384615384615385,0.23076923076923078
476,13,8,4,1,0.61538461538461542,0.30769230769230771,0.076923076923076927
477,11,7,4,0,0.63636363636363635,0.36363636363636365,0
478,15,10,4,1,0.66666666666666663,0.26666666666666666,0.066666666666666666
479,15,12,2,1,0.8,0.13333333333333333,0.066666666666666666
480,13,11,2,0,0.84615384615384615,0.15384615384615385,0
481,13,11,2,0,0.84615384615384615,0.15384615384615385,0
482,15,11,3,1,0.73333333333333328,0.2,0.066666666666666666
483,11,8,0,3,0.72727272727272729,0,0.27272727272727271
484,16,12,4,0,0.75,0.25,0
485,14,10,2,2,0.7142857142857143,0.14285714285714285,0.14285714285714285
486,15,11,3,1,0.73333333333333328,0.2,0.066666666666666666
487,7,6,1,0,0.8571428571428571,0.14285714285714285,0
488,13,6,5,2,0.46153846153846156,0.38461538461538464,0.15384615384615385
489,18,15,2,1,0.83333333333333337,0.1111111111111111,0.055555555555555552
490,18,8,8,2,0.44444444444444442,0.44444444444444442,0.1111111111111111
491,15,6,6,3,0.4,0.4,0.2
492,18,16,2,0,0.88888888888888884,0.1111111111111111,0
493,15,10,5,0,0.66666666666666663,0.33333333333333331,0
494,13,9,3,1,0.69230769230769229,0.23076923076923078,0.076923076923076927
495,14,11,3,0,0.7857142857142857,0.21428571428571427,0
496,9,7,1,1,0.77777777777777779,0.1111111111111111,0.1111111111111111
497,14,12,2,0,0.8571428571428571,0.14285714285714285,0
498,17,13,4,0,0.76470588235294112,0.23529411764705882,0
499,10,7,2,1,0.7,0.2,0.1
500,16,12,4,0,0.75,0.25,0
501,20,12,5,3,0.6,0.25,0.15
502,13,9,3,1,0.69230769230769229,0.23076923076923078,0.076923076923076927
503,18,11,6,1,0.61111111111111116,0.33333333333333331,0.055555555555555552
504,15,10,5,0,0.66666666666666663,0.33333333333333331,0
505,19,13,4,2,0.68421052631578949,0.21052631578947367,0.10526315789473684
506,14,11,3,0,0.7857142857142857,0.21428571428571427,0
507,15,10,3,2,0.66666666666666663,0.2,0.13333333333333333
508,13,8,3,2,0.61538461538461542,0.23076923076923078,0.15384615384615385
509,9,7,2,0,0.77777777777777779,0.22222222222222221,0
510,13,12,1,0,0.92307692307692313,0.076923076923076927,0
511,12,8,3,1,0.66666666666666663,0.25,0.083333333333333329
512,7,6,0,1,0.8571428571428571,0,0.14285714285714285
513,8,4,2,2,0.5,0.25,0.25
514,8,8,0,0,1,0,0
515,14,9,4,1,0.6428571428571429,0.2857142857142857,0.071428571428571425
516,11,8,2,1,0.72727272727272729,0.18181818181818182,0.090909090909090912
517,6,3,3,0,0.5,0.5,0
518,10,4,5,1,0.4,0.5,0.1
519,7,5,2,0,0.7142857142857143,0.2857142857142857,0
520,13,10,3,0,0.76923076923076927,0.23076923076923078,0
521,7,7,0,0,1,0,0
522,8,6,2,0,0.75,0.25,0
523,14,10,2,2,0.7142857142857143,0.14285714285714285,0.14285714285714285
524,11,9,2,0,0.81818181818181823,0.18181818181818182,0
525,9,6,3,0,0.66666666666666663,0.33333333333333331,0
526,6,4,2,0,0.66666666666666663,0.33333333333333331,0
527,7,4,3,0,0.5714285714285714,0.42857142857142855,0
528,6,4,1,1,0.66666666666666663,0.16666666666666666,0.16666666666666666
529,15,11,4,0,0.73333333333333328,0.26666666666666666,0
530,9,7,1,1,0.77777777777777779,0.1111111111111111,0.1111111111111111
531,6,4,1,1,0.66666666666666663,0.16666666666666666,0.16666666666666666
532,17,13,3,1,0.76470588235294112,0.17647058823529413,0.058823529411764705
533,6,4,2,0,0.66666666666666663,0.33333333333333331,0
534,9,6,3,0,0.66666666666666663,0.33333333333333331,0
535,13,11,2,0,0.84615384615384615,0.15384615384615385,0
536,9,6,3,0,0.66666666666666663,0.33333333333333331,0
537,6,5,0,1,0.83333333333333337,0,0.16666666666666666
538,9,6,3,0,0.66666666666666663,0.33333333333333331,0
539,9,5,3,1,0.55555555555555558,0.33333333333333331,0.1111111111111111
540,7,7,0,0,1,0,0
541,6,4,1,1,0.66666666666666663,0.16666666666666666,0.16666666666666666
542,9,4,3,2,0.44444444444444442,0.33333333333333331,0.22222222222222221
543,8,8,0,0,1,0,0
544,10,5,3,2,0.5,0.3,0.2
545,15,11,0,4,0.73333333333333328,0,0.26666666666666666
546,8,6,1,1,0.75,0.125,0.125
547,7,5,1,1,0.7142857142857143,0.14285714285714285,0.14285714285714285
548,8,5,2,1,0.625,0.25,0.125
549,13,10,2,1,0.76923076923076927,0.15384615384615385,0.076923076923076927
550,6,5,1,0,0.83333333333333337,0.16666666666666666,0
551,9,5,2,2,0.55555555555555558,0.22222222222222221,0.22222222222222221
552,11,8,2,1,0.72727272727272729,0.18181818181818182,0.090909090909090912
553,11,7,3,1,0.63636363636363635,0.27272727272727271,0.090909090909090912
554,9,6,2,1,0.66666666666666663,0.22222222222222221,0.1111111111111111
555,9,7,2,0,0.77777777777777779,0.22222222222222221,0
556,9,7,2,0,0.77777777777777779,0.22222222222222221,0
557,7,4,3,0,0.5714285714285714,0.42857142857142855,0
558,6,4,2,0,0.66666666666666663,0.33333333333333331,0
559,6,6,0,0,1,0,0
560,11,10,1,0,0.90909090909090906,0.090909090909090912,0
561,12,6,5,1,0.5,0.41666666666666669,0.083333333333333329
562,14,7,5,2,0.5,0.35714285714285715,0.14285714285714285
563,5,5,0,0,1,0,0
564,9,5,4,0,0.55555555555555558,0.44444444444444442,0
565,13,11,2,0,0.84615384615384615,0.15384615384615385,0
566,9,5,4,0,0.55555555555555558,0.44444444444444442,0
567,7,6,1,0,0.8571428571428571,0.14285714285714285,0
568,14,9,5,0,0.6428571428571429,0.35714285714285715,0
569,10,8,0,2,0.8,0,0.2
570,12,9,2,1,0.75,0.16666666666666666,0.083333333333333329
571,11,7,2,2,0.63636363636363635,0.18181818181818182,0.18181818181818182
572,9,8,1,0,0.88888888888888884,0.1111111111111111,0
573,12,9,2,1,0.75,0.16666666666666666,0.083333333333333329
574,12,8,3,1,0.66666666666666663,0.25,0.083333333333333329
575,12,9,2,1,0.75,0.16666666666666666,0.083333333333333329
576,6,5,1,0,0.83333333333333337,0.16666666666666666,0
577,13,10,3,0,0.76923076923076927,0.23076923076923078,0
578,8,7,0,1,0.875,0,0.125
579,16,13,2,1,0.8125,0.125,0.0625
580,12,11,1,0,0.91666666666666663,0.083333333333333329,0
581,10,8,1,1,0.8,0.1,0.1
582,4,4,0,0,1,0,0
583,9,6,2,1,0.66666666666666663,0.22222222222222221,0.1111111111111111
584,12,10,1,1,0.83333333333333337,0.083333333333333329,0.083333333333333329
585,6,5,1,0,0.83333333333333337,0.16666666666666666,0
586,11,11,0,0,1,0,0
587,12,10,2,0,0.83333333333333337,0.16666666666666666,0
588,5,4,0,1,0.8,0,0.2
589,6,6,0,0,1,0,0
590,7,6,0,1,0.8571428571428571,0,0.14285714285714285
591,1,1,0,0,1,0,0
592,10,8,2,0,0.8,0.2,0
593,6,5,1,0,0.83333333333333337,0.16666666666666666,0
594,11,9,0,2,0.81818181818181823,0,0.18181818181818182
595,10,8,2,0,0.8,0.2,0
596,5,3,2,0,0.6,0.4,0
597,3,1,2,0,0.33333333333333331,0.66666666666666663,0
598,12,7,4,1,0.58333333333333337,0.33333333333333331,0.083333333333333329
599,9,5,3,1,0.55555555555555558,0.33333333333333331,0.1111111111111111
600,6,5,1,0,0.83333333333333337,0.16666666666666666,0
601,9,6,2,1,0.66666666666666663,0.22222222222222221,0.1111111111111111
602,7,5,2,0,0.7142857142857143,0.2857142857142857,0
603,9,7,1,1,0.77777777777777779,0.1111111111111111,0.1111111111111111
604,5,4,1,0,0.8,0.2,0
605,7,6,1,0,0.8571428571428571,0.14285714285714285,0
606,3,3,0,0,1,0,0
607,4,4,0,0,1,0,0
608,12,9,3,0,0.75,0.25,0
609,6,4,1,1,0.66666666666666663,0.16666666666666666,0.16666666666666666
610,4,2,1,1,0.5,0.25,0.25
611,5,3,2,0,0.6,0.4,0
612,7,4,2,1,0.5714285714285714,0.2857142857142857,0.14285714285714285
613,6,4,2,0,0.66666666666666663,0.33333333333333331,0
614,9,4,5,0,0.44444444444444442,0.55555555555555558,0
615,5,4,0,1,0.8,0,0.2
616,14,10,2,2,0.7142857142857143,0.14285714285714285,0.14285714285714285
617,8,5,2,1,0.625,0.25,0.125
618,4,2,2,0,0.5,0.5,0
619,8,4,3,1,0.5,0.375,0.125
620,12,9,2,1,0.75,0.16666666666666666,0.083333333333333329
621,7,7,0,0,1,0,0
622,5,4,1,0,0.8,0.2,0
623,7,5,2,0,0.7142857142857143,0.2857142857142857,0
624,10,7,3,0,0.7,0.3,0
625,9,5,2,2,0.55555555555555558,0.22222222222222221,0.22222222222222221
626,6,5,1,0,0.83333333333333337,0.16666666666666666,0
627,13,8,4,1,0.61538461538461542,0.30769230769230771,0.076923076923076927
628,10,6,4,0,0.6,0.4,0
629,4,4,0,0,1,0,0
630,6,3,2,1,0.5,0.33333333333333331,0.16666666666666666
631,7,5,1,1,0.7142857142857143,0.14285714285714285,0.14285714285714285
632,6,5,1,0,0.83333333333333337,0.16666666666666666,0
633,9,7,2,0,0.77777777777777779,0.22222222222222221,0
634,5,3,2,0,0.6,0.4,0
635,10,6,4,0,0.6,0.4,0
636,10,9,1,0,0.9,0.1,0
637,7,5,2,0,0.7142857142857143,0.2857142857142857,0
638,5,3,2,0,0.6,0.4,0
639,10,5,5,0,0.5,0.5,0
640,14,9,5,0,0.6428571428571429,0.35714285714285715,0
641,9,8,1,0,0.88888888888888884,0.1111111111111111,0
642,4,3,1,0,0.75,0.25,0
643,3,2,1,0,0.66666666666666663,0.33333333333333331,0
644,10,9,1,0,0.9,0.1,0
645,12,9,3,0,0.75,0.25,0
646,2,2,0,0,1,0,0
647,7,5,2,0,0.7142857142857143,0.2857142857142857,0
648,5,3,0,2,0.6,0,0.4
649,7,4,3,0,0.5714285714285714,0.42857142857142855,0
650,5,4,1,0,0.8,0.2,0
651,8,5,2,1,0.625,0.25,0.125
652,3,2,1,0,0.66666666666666663,0.33333333333333331,0
653,6,4,2,0,0.66666666666666663,0.33333333333333331,0
654,9,5,4,0,0.55555555555555558,0.44444444444444442,0
655,8,6,2,0,0.75,0.25,0
656,9,6,2,1,0.66666666666666663,0.22222222222222221,0.1111111111111111
657,9,6,2,1,0.66666666666666663,0.22222222222222221,0.1111111111111111
658,2,2,0,0,1,0,0
659,6,6,0,0,1,0,0
660,6,3,3,0,0.5,0.5,0
661,10,7,1,2,0.7,0.1,0.2
662,3,2,1,0,0.66666666666666663,0.33333333333333331,0
663,9,8,1,0,0.88888888888888884,0.1111111111111111,0
664,2,2,0,0,1,0,0
665,6,5,1,0,0.83333333333333337,0.16666666666666666,0
666,4,2,2,0,0.5,0.5,0
667,3,3,0,0,1,0,0
668,5,2,2,1,0.4,0.4,0.2
669,6,6,0,0,1,0,0
670,7,4,1,2,0.5714285714285714,0.14285714285714285,0.2857142857142857
671,8,5,2,1,0.625,0.25,0.125
672,7,2,3,2,0.2857142857142857,0.42857142857142855,0.2857142857142857
673,8,4,4,0,0.5,0.5,0
674,6,5,1,0,0.83333333333333337,0.16666666666666666,0
675,5,4,0,1,0.8,0,0.2
676,5,4,0,1,0.8,0,0.2
677,6,4,2,0,0.66666666666666663,0.33333333333333331,0
678,4,3,1,0,0.75,0.25,0
679,6,3,3,0,0.5,0.5,0
680,2,2,0,0,1,0,0
681,3,1,2,0,0.33333333333333331,0.66666666666666663,0
682,6,3,1,2,0.5,0.16666666666666666,0.33333333333333331
683,5,2,1,2,0.4,0.2,0.4
684,3,3,0,0,1,0,0
685,5,4,1,0,0.8,0.2,0
686,12,4,8,0,0.33333333333333331,0.66666666666666663,0
687,6,4,2,0,0.66666666666666663,0.33333333333333331,0
688,10,6,3,1,0.6,0.3,0.1
689,3,2,0,1,0.66666666666666663,0,0.33333333333333331
690,5,3,1,1,0.6,0.2,0.2
691,5,2,3,0,0.4,0.6,0
692,5,3,2,0,0.6,0.4,0
693,3,2,1,0,0.66666666666666663,0.33333333333333331,0
694,5,3,2,0,0.6,0.4,0
695,9,7,2,0,0.77777777777777779,0.22222222222222221,0
696,8,6,2,0,0.75,0.25,0
697,7,4,3,0,0.5714285714285714,0.42857142857142855,0
698,2,1,1,0,0.5,0.5,0
699,6,5,1,0,0.83333333333333337,0.16666666666666666,0
700,7,5,2,0,0.7142857142857143,0.2857142857142857,0
701,3,1,2,0,0.33333333333333331,0.66666666666666663,0
702,4,3,1,0,0.75,0.25,0
703,3,3,0,0,1,0,0
704,2,2,0,0,1,0,0
705,1,0,1,0,0,1,0
706,4,4,0,0,1,0,0
707,2,1,1,0,0.5,0.5,0
708,4,4,0,0,1,0,0
709,7,3,4,0,0.42857142857142855,0.5714285714285714,0
710,2,1,1,0,0.5,0.5,0
711,3,3,0,0,1,0,0
712,8,5,3,0,0.625,0.375,0
713,5,4,0,1,0.8,0,0.2
714,3,3,0,0,1,0,0
715,5,5,0,0,1,0,0
716,6,4,2,0,0.66666666666666663,0.33333333333333331,0
717,7,3,3,1,0.42857142857142855,0.42857142857142855,0.14285714285714285
718,6,6,0,0,1,0,0
719,2,2,0,0,1,0,0
720,1,1,0,0,1,0,0
721,3,1,2,0,0.33333333333333331,0.66666666666666663,0
722,4,2,2,0,0.5,0.5,0
723,10,6,3,1,0.6,0.3,0.1
724,7,2,4,1,0.2857142857142857,0.5714285714285714,0.14285714285714285
725,7,4,3,0,0.5714285714285714,0.42857142857142855,0
726,5,2,3,0,0.4,0.6,0
727,7,6,1,0,0.8571428571428571,0.14285714285714285,0
728,1,1,0,0,1,0,0
729,6,6,0,0,1,0,0
730,4,2,0,2,0.5,0,0.5
731,4,3,1,0,0.75,0.25,0
732,3,3,0,0,1,0,0
733,3,0,2,1,0,0.66666666666666663,0.33333333333333331
734,7,7,0,0,1,0,0
735,3,2,1,0,0.66666666666666663,0.33333333333333331,0
736,2,0,2,0,0,1,0
737,4,3,1,0,0.75,0.25,0
738,5,4,0,1,0.8,0,0.2
739,4,3,0,1,0.75,0,0.25
740,1,1,0,0,1,0,0
741,4,4,0,0,1,0,0
742,3,3,0,0,1,0,0
743,2,2,0,0,1,0,0
744,4,3,1,0,0.75,0.25,0
745,4,4,0,0,1,0,0
746,6,4,1,1,0.66666666666666663,0.16666666666666666,0.16666666666666666
747,5,2,3,0,0.4,0.6,0
748,2,2,0,0,1,0,0
749,1,1,0,0,1,0,0
750,8,8,0,0,1,0,0
751,2,2,0,0,1,0,0
752,1,0,1,0,0,1,0
753,2,1,1,0,0.5,0.5,0
754,3,2,1,0,0.66666666666666663,0.33333333333333331,0
755,4,3,1,0,0.75,0.25,0
756,4,4,0,0,1,0,0
757,5,4,1,0,0.8,0.2,0
758,2,2,0,0,1,0,0
759,4,3,0,1,0.75,0,0.25
760,3,3,0,0,1,0,0
761,3,1,2,0,0.33333333333333331,0.66666666666666663,0
762,4,2,2,0,0.5,0.5,0
763,2,0,2,0,0,1,0
764,3,2,1,0,0.66666666666666663,0.33333333333333331,0
765,3,2,1,0,0.66666666666666663,0.33333333333333331,0
766,3,3,0,0,1,0,0
767,4,2,2,0,0.5,0.5,0
768,5,3,2,0,0.6,0.4,0
769,3,3,0,0,1,0,0
770,2,1,0,1,0.5,0,0.5
771,3,3,0,0,1,0,0
772,4,3,0,1,0.75,0,0.25
773,5,3,1,1,0.6,0.2,0.2
774,3,1,0,2,0.33333333333333331,0,0.66666666666666663
775,7,5,2,0,0.7142857142857143,0.2857142857142857,0
776,9,8,1,0,0.88888888888888884,0.1111111111111111,0
777,4,3,1,0,0.75,0.25,0
778,1,1,0,0,1,0,0
779,5,3,2,0,0.6,0.4,0
780,3,3,0,0,1,0,0
781,2,0,1,1,0,0.5,0.5
782,5,4,1,0,0.8,0.2,0
783,3,2,1,0,0.66666666666666663,0.33333333333333331,0
784,5,5,0,0,1,0,0
785,3,2,1,0,0.66666666666666663,0.33333333333333331,0
786,1,1,0,0,1,0,0
787,4,3,0,1,0.75,0,0.25
788,4,3,0,1,0.75,0,0.25
790,1,0,1,0,0,1,0
791,3,2,0,1,0.66666666666666663,0,0.33333333333333331
792,3,1,2,0,0.33333333333333331,0.66666666666666663,0
793,6,5,0,1,0.83333333333333337,0,0.16666666666666666
794,4,3,1,0,0.75,0.25,0
795,6,4,2,0,0.66666666666666663,0.33333333333333331,0
797,4,4,0,0,1,0,0
798,5,4,0,1,0.8,0,0.2
799,5,4,1,0,0.8,0.2,0
800,1,1,0,0,1,0,0
801,3,3,0,0,1,0,0
802,1,0,0,1,0,0,1
803,2,1,1,0,0.5,0.5,0
804,3,3,0,0,1,0,0
805,2,0,2,0,0,1,0
807,3,3,0,0,1,0,0
808,4,3,1,0,0.75,0.25,0
810,2,1,1,0,0.5,0.5,0
811,1,1,0,0,1,0,0
812,3,3,0,0,1,0,0
813,2,2,0,0,1,0,0
814,1,0,0,1,0,0,1
815,7,6,0,1,0.8571428571428571,0,0.14285714285714285
816,2,1,1,0,0.5,0.5,0
817,5,5,0,0,1,0,0
818,4,3,1,0,0.75,0.25,0
819,4,4,0,0,1,0,0
820,6,5,1,0,0.83333333333333337,0.16666666666666666,0
821,5,2,1,2,0.4,0.2,0.4
823,2,2,0,0,1,0,0
824,2,1,1,0,0.5,0.5,0
825,3,2,0,1,0.66666666666666663,0,0.33333333333333331
826,5,5,0,0,1,0,0
827,4,1,2,1,0.25,0.5,0.25
828,4,4,0,0,1,0,0
829,4,4,0,0,1,0,0
830,4,3,1,0,0.75,0.25,0
831,7,4,2,1,0.5714285714285714,0.2857142857142857,0.14285714285714285
832,2,2,0,0,1,0,0
833,3,1,1,1,0.33333333333333331,0.33333333333333331,0.33333333333333331
834,3,3,0,0,1,0,0
835,1,1,0,0,1,0,0
836,3,3,0,0,1,0,0
837,1,0,1,0,0,1,0
838,4,3,1,0,0.75,0.25,0
839,1,1,0,0,1,0,0
840,4,3,1,0,0.75,0.25,0
841,1,1,0,0,1,0,0
842,3,3,0,0,1,0,0
843,3,2,1,0,0.66666666666666663,0.33333333333333331,0
844,4,1,2,1,0.25,0.5,0.25
846,3,2,0,1,0.66666666666666663,0,0.33333333333333331
847,1,1,0,0,1,0,0
848,2,1,1,0,0.5,0.5,0
849,1,0,1,0,0,1,0
850,4,3,1,0,0.75,0.25,0
851,2,2,0,0,1,0,0
852,1,1,0,0,1,0,0
853,3,2,1,0,0.66666666666666663,0.33333333333333331,0
854,1,1,0,0,1,0,0
855,7,6,1,0,0.8571428571428571,0.14285714285714285,0
856,5,4,0,1,0.8,0,0.2
857,2,2,0,0,1,0,0
858,2,2,0,0,1,0,0
859,2,0,1,1,0,0.5,0.5
860,4,3,1,0,0.75,0.25,0
861,6,6,0,0,1,0,0
862,1,1,0,0,1,0,0
863,1,1,0,0,1,0,0
864,5,4,1,0,0.8,0.2,0
865,7,3,3,1,0.42857142857142855,0.42857142857142855,0.14285714285714285
866,1,0,0,1,0,0,1
867,6,6,0,0,1,0,0
868,4,0,4,0,0,1,0
869,2,0,1,1,0,0.5,0.5
870,2,2,0,0,1,0,0
872,2,2,0,0,1,0,0
873,1,1,0,0,1,0,0
874,2,0,1,1,0,0.5,0.5
875,1,1,0,0,1,0,0
876,3,3,0,0,1,0,0
880,2,2,0,0,1,0,0
881,2,2,0,0,1,0,0
884,3,2,1,0,0.66666666666666663,0.33333333333333331,0
885,3,1,2,0,0.33333333333333331,0.66666666666666663,0
886,5,4,1,0,0.8,0.2,0
887,5,5,0,0,1,0,0
888,2,2,0,0,1,0,0
889,2,2,0,0,1,0,0
890,4,2,2,0,0.5,0.5,0
891,3,2,0,1,0.66666666666666663,0,0.33333333333333331
892,2,1,1,0,0.5,0.5,0
893,5,2,2,1,0.4,0.4,0.2
894,2,2,0,0,1,0,0
895,4,3,1,0,0.75,0.25,0
896,3,2,0,1,0.66666666666666663,0,0.33333333333333331
897,1,1,0,0,1,0,0
899,2,2,0,0,1,0,0
900,2,1,0,1,0.5,0,0.5
901,2,1,1,0,0.5,0.5,0
902,3,3,0,0,1,0,0
903,3,2,1,0,0.66666666666666663,0.33333333333333331,0
904,4,4,0,0,1,0,0
905,3,2,1,0,0.66666666666666663,0.33333333333333331,0
906,4,2,2,0,0.5,0.5,0
907,2,2,0,0,1,0,0
908,5,4,1,0,0.8,0.2,0
909,2,2,0,0,1,0,0
910,3,3,0,0,1,0,0
911,3,1,1,1,0.33333333333333331,0.33333333333333331,0.33333333333333331
912,1,0,1,0,0,1,0
913,3,3,0,0,1,0,0
914,1,1,0,0,1,0,0
915,1,0,1,0,0,1,0
916,3,3,0,0,1,0,0
917,2,1,1,0,0.5,0.5,0
918,2,0,2,0,0,1,0
919,2,1,1,0,0.5,0.5,0
920,2,2,0,0,1,0,0
921,6,3,3,0,0.5,0.5,0
922,3,2,0,1,0.66666666666666663,0,0.33333333333333331
923,2,0,1,1,0,0.5,0.5
924,8,5,2,1,0.625,0.25,0.125
925,2,1,1,0,0.5,0.5,0
926,4,3,0,1,0.75,0,0.25
927,1,1,0,0,1,0,0
928,2,2,0,0,1,0,0
929,3,2,1,0,0.66666666666666663,0.33333333333333331,0
930,4,3,1,0,0.75,0.25,0
931,1,0,0,1,0,0,1
932,4,4,0,0,1,0,0
933,2,1,1,0,0.5,0.5,0
934,5,4,0,1,0.8,0,0.2
935,4,3,0,1,0.75,0,0.25
936,6,6,0,0,1,0,0
937,2,1,1,0,0.5,0.5,0
938,5,3,2,0,0.6,0.4,0
940,1,1,0,0,1,0,0
941,2,2,0,0,1,0,0
943,1,1,0,0,1,0,0
944,4,4,0,0,1,0,0
945,1,1,0,0,1,0,0
946,3,3,0,0,1,0,0
947,2,1,1,0,0.5,0.5,0
948,1,1,0,0,1,0,0
950,2,2,0,0,1,0,0
951,2,1,1,0,0.5,0.5,0
952,4,2,2,0,0.5,0.5,0
953,2,1,1,0,0.5,0.5,0
954,3,3,0,0,1,0,0
955,3,3,0,0,1,0,0
956,5,5,0,0,1,0,0
957,2,2,0,0,1,0,0
958,3,2,1,0,0.66666666666666663,0.33333333333333331,0
959,1,0,1,0,0,1,0
962,2,2,0,0,1,0,0
964,2,2,0,0,1,0,0
965,3,1,2,0,0.33333333333333331,0.66666666666666663,0
966,3,3,0,0,1,0,0
967,1,0,0,1,0,0,1
968,2,2,0,0,1,0,0
969,1,1,0,0,1,0,0
970,2,2,0,0,1,0,0
972,3,2,1,0,0.66666666666666663,0.33333333333333331,0
974,2,0,0,2,0,0,1
975,2,2,0,0,1,0,0
976,1,1,0,0,1,0,0
977,3,2,1,0,0.66666666666666663,0.33333333333333331,0
978,3,1,2,0,0.33333333333333331,0.66666666666666663,0
979,2,1,1,0,0.5,0.5,0
980,3,3,0,0,1,0,0
981,1,1,0,0,1,0,0
984,2,1,1,0,0.5,0.5,0
985,1,0,0,1,0,0,1
987,1,0,1,0,0,1,0
988,2,1,1,0,0.5,0.5,0
989,1,0,0,1,0,0,1
990,2,1,1,0,0.5,0.5,0
991,2,2,0,0,1,0,0
992,1,0,1,0,0,1,0
993,5,1,3,1,0.2,0.6,0.2
994,2,1,0,1,0.5,0,0.5
996,1,1,0,0,1,0,0
997,2,2,0,0,1,0,0
998,1,1,0,0,1,0,0
1001,1,0,0,1,0,0,1
1002,2,2,0,0,1,0,0
1003,1,1,0,0,1,0,0
1004,2,2,0,0,1,0,0
1005,3,2,1,0,0.66666666666666663,0.33333333333333331,0
1006,3,2,1,0,0.66666666666666663,0.33333333333333331,0
1007,2,2,0,0,1,0,0
1008,3,1,2,0,0.33333333333333331,0.66666666666666663,0
1009,1,1,0,0,1,0,0
1010,1,0,0,1,0,0,1
1011,1,1,0,0,1,0,0
1012,4,2,1,1,0.5,0.25,0.25
1013,3,1,1,1,0.33333333333333331,0.33333333333333331,0.33333333333333331
1014,1,1,0,0,1,0,0
1015,1,1,0,0,1,0,0
1016,2,1,1,0,0.5,0.5,0
1018,3,2,1,0,0.66666666666666663,0.33333333333333331,0
1019,2,0,2,0,0,1,0
1020,1,1,0,0,1,0,0
1022,6,2,4,0,0.33333333333333331,0.66666666666666663,0
1023,2,1,0,1,0.5,0,0.5
1025,3,2,1,0,0.66666666666666663,0.33333333333333331,0
1027,1,1,0,0,1,0,0
1028,1,0,1,0,0,1,0
1032,2,2,0,0,1,0,0
1034,1,1,0,0,1,0,0
1035,1,1,0,0,1,0,0
1036,5,3,2,0,0.6,0.4,0
1037,7,3,1,3,0.42857142857142855,0.14285714285714285,0.42857142857142855
1038,3,2,1,0,0.66666666666666663,0.33333333333333331,0
1039,1,1,0,0,1,0,0
1041,1,1,0,0,1,0,0
1042,1,1,0,0,1,0,0
1043,2,1,1,0,0.5,0.5,0
1044,5,2,3,0,0.4,0.6,0
1045,2,1,1,0,0.5,0.5,0
1046,3,2,0,1,0.66666666666666663,0,0.33333333333333331
1047,2,2,0,0,1,0,0
1049,1,1,0,0,1,0,0
1050,3,3,0,0,1,0,0
1051,4,4,0,0,1,0,0
1052,1,1,0,0,1,0,0
1053,2,2,0,0,1,0,0
1054,2,2,0,0,1,0,0
1055,3,1,0,2,0.33333333333333331,0,0.66666666666666663
1056,2,2,0,0,1,0,0
1058,2,2,0,0,1,0,0
1059,2,1,0,1,0.5,0,0.5
1060,3,3,0,0,1,0,0
1061,1,1,0,0,1,0,0
1062,2,2,0,0,1,0,0
1063,2,2,0,0,1,0,0
1064,3,2,0,1,0.66666666666666663,0,0.33333333333333331
1066,1,1,0,0,1,0,0
1067,2,2,0,0,1,0,0
1068,1,1,0,0,1,0,0
1069,2,2,0,0,1,0,0
1070,2,2,0,0,1,0,0
1071,4,3,1,0,0.75,0.25,0
1072,1,1,0,0,1,0,0
1073,3,2,1,0,0.66666666666666663,0.33333333333333331,0
1074,2,1,0,1,0.5,0,0.5
1075,3,1,1,1,0.33333333333333331,0.33333333333333331,0.33333333333333331
1076,1,0,1,0,0,1,0
1079,1,1,0,0,1,0,0
1081,1,1,0,0,1,0,0
1082,4,3,0,1,0.75,0,0.25
1083,1,1,0,0,1,0,0
1084,1,1,0,0,1,0,0
1085,1,1,0,0,1,0,0
1086,1,1,0,0,1,0,0
1087,2,2,0,0,1,0,0
1088,2,2,0,0,1,0,0
1090,2,1,1,0,0.5,0.5,0
1091,1,1,0,0,1,0,0
1092,1,1,0,0,1,0,0
1094,2,2,0,0,1,0,0
1095,3,3,0,0,1,0,0
1096,1,0,1,0,0,1,0
1097,2,2,0,0,1,0,0
1098,4,2,2,0,0.5,0.5,0
1099,1,1,0,0,1,0,0
1100,2,2,0,0,1,0,0
1102,2,2,0,0,1,0,0
1103,1,1,0,0,1,0,0
1104,3,1,1,1,0.33333333333333331,0.33333333333333331,0.33333333333333331
1105,2,1,0,1,0.5,0,0.5
1106,2,2,0,0,1,0,0
1109,3,3,0,0,1,0,0
1110,1,1,0,0,1,0,0
1111,1,1,0,0,1,0,0
1113,1,1,0,0,1,0,0
1116,2,1,1,0,0.5,0.5,0
1117,1,1,0,0,1,0,0
1118,2,1,1,0,0.5,0.5,0
1119,2,2,0,0,1,0,0
1120,1,0,1,0,0,1,0
1121,1,1,0,0,1,0,0
1122,2,2,0,0,1,0,0
1123,2,1,1,0,0.5,0.5,0
1124,2,2,0,0,1,0,0
1125,2,2,0,0,1,0,0
1126,5,5,0,0,1,0,0
1128,2,0,2,0,0,1,0
1130,1,1,0,0,1,0,0
1131,1,1,0,0,1,0,0
1132,1,0,1,0,0,1,0
1133,3,2,1,0,0.66666666666666663,0.33333333333333331,0
1134,1,0,1,0,0,1,0
1135,2,2,0,0,1,0,0
1136,2,1,1,0,0.5,0.5,0
1137,1,0,1,0,0,1,0
1138,1,1,0,0,1,0,0
1139,2,0,2,0,0,1,0
1141,1,1,0,0,1,0,0
1142,1,0,1,0,0,1,0
1143,1,0,1,0,0,1,0
1145,1,1,0,0,1,0,0
1146,3,2,1,0,0.66666666666666663,0.33333333333333331,0
1147,3,2,1,0,0.66666666666666663,0.33333333333333331,0
1149,1,0,1,0,0,1,0
1150,1,1,0,0,1,0,0
1151,2,2,0,0,1,0,0
1152,1,1,0,0,1,0,0
1153,2,1,1,0,0.5,0.5,0
1155,1,1,0,0,1,0,0
1156,1,1,0,0,1,0,0
1157,5,4,1,0,0.8,0.2,0
1159,2,2,0,0,1,0,0
1160,1,0,0,1,0,0,1
1161,1,1,0,0,1,0,0
1162,1,1,0,0,1,0,0
1164,4,1,3,0,0.25,0.75,0
1165,1,0,1,0,0,1,0
1166,2,2,0,0,1,0,0
1167,1,1,0,0,1,0,0
1168,1,1,0,0,1,0,0
1171,2,2,0,0,1,0,0
1172,1,0,0,1,0,0,1
1175,1,0,1,0,0,1,0
1176,1,0,0,1,0,0,1
1177,1,1,0,0,1,0,0
1178,2,0,2,0,0,1,0
1181,1,1,0,0,1,0,0
1184,1,0,1,0,0,1,0
1185,2,2,0,0,1,0,0
1186,2,1,1,0,0.5,0.5,0
1189,1,0,1,0,0,1,0
1190,1,1,0,0,1,0,0
1191,2,2,0,0,1,0,0
1192,3,1,2,0,0.33333333333333331,0.66666666666666663,0
1193,1,0,1,0,0,1,0
1194,3,1,1,1,0.33333333333333331,0.33333333333333331,0.33333333333333331
1195,4,3,1,0,0.75,0.25,0
1196,1,0,1,0,0,1,0
1198,3,3,0,0,1,0,0
1200,2,2,0,0,1,0,0
1205,1,1,0,0,1,0,0
1207,1,1,0,0,1,0,0
1208,1,0,1,0,0,1,0
1209,1,0,1,0,0,1,0
1212,1,0,1,0,0,1,0
1213,2,1,1,0,0.5,0.5,0
1214,2,2,0,0,1,0,0
1215,2,2,0,0,1,0,0
1218,1,0,1,0,0,1,0
1219,2,1,1,0,0.5,0.5,0
1220,1,0,1,0,0,1,0
1221,1,0,0,1,0,0,1
1222,1,1,0,0,1,0,0
1223,2,2,0,0,1,0,0
1224,1,1,0,0,1,0,0
1225,2,2,0,0,1,0,0
1226,2,1,0,1,0.5,0,0.5
1227,1,1,0,0,1,0,0
1228,1,0,1,0,0,1,0
1229,1,0,1,0,0,1,0
1230,1,0,1,0,0,1,0
1232,1,0,0,1,0,0,1
1233,3,3,0,0,1,0,0
1235,1,1,0,0,1,0,0
1238,1,1,0,0,1,0,0
1239,2,0,2,0,0,1,0
1241,2,2,0,0,1,0,0
1242,1,1,0,0,1,0,0
1243,2,0,2,0,0,1,0
1245,3,2,1,0,0.66666666666666663,0.33333333333333331,0
1247,1,1,0,0,1,0,0
1248,1,1,0,0,1,0,0
1249,1,1,0,0,1,0,0
1250,2,1,1,0,0.5,0.5,0
1251,2,1,0,1,0.5,0,0.5
1255,1,1,0,0,1,0,0
1256,1,1,0,0,1,0,0
1257,2,1,1,0,0.5,0.5,0
1259,1,1,0,0,1,0,0
1260,2,1,1,0,0.5,0.5,0
1261,1,1,0,0,1,0,0
1262,2,2,0,0,1,0,0
1263,1,1,0,0,1,0,0
1264,1,1,0,0,1,0,0
1265,3,2,1,0,0.66666666666666663,0.33333333333333331,0
1267,1,0,1,0,0,1,0
1268,1,0,1,0,0,1,0
1270,2,0,1,1,0,0.5,0.5
1271,2,1,1,0,0.5,0.5,0
1272,1,1,0,0,1,0,0
1273,1,1,0,0,1,0,0
1274,3,3,0,0,1,0,0
1275,3,2,0,1,0.66666666666666663,0,0.33333333333333331
1276,3,2,1,0,0.66666666666666663,0.33333333333333331,0
1277,1,1,0,0,1,0,0
1278,2,2,0,0,1,0,0
1279,1,1,0,0,1,0,0
1280,4,3,0,1,0.75,0,0.25
1284,2,1,1,0,0.5,0.5,0
1285,2,1,1,0,0.5,0.5,0
1290,2,2,0,0,1,0,0
1291,1,1,0,0,1,0,0
1293,1,1,0,0,1,0,0
1294,1,1,0,0,1,0,0
1295,1,1,0,0,1,0,0
1298,2,2,0,0,1,0,0
1300,1,1,0,0,1,0,0
1301,1,1,0,0,1,0,0
1302,1,1,0,0,1,0,0
1304,1,1,0,0,1,0,0
1305,1,0,1,0,0,1,0
1308,1,1,0,0,1,0,0
1310,3,2,1,0,0.66666666666666663,0.33333333333333331,0
1312,1,1,0,0,1,0,0
1313,1,0,0,1,0,0,1
1315,3,2,1,0,0.66666666666666663,0.33333333333333331,0
1316,1,1,0,0,1,0,0
1318,1,0,1,0,0,1,0
1319,2,2,0,0,1,0,0
1320,1,1,0,0,1,0,0
1321,1,1,0,0,1,0,0
1322,1,1,0,0,1,0,0
1324,1,0,0,1,0,0,1
1325,1,1,0,0,1,0,0
1327,1,0,1,0,0,1,0
1328,2,2,0,0,1,0,0
1329,1,1,0,0,1,0,0
1330,2,2,0,0,1,0,0
1332,1,0,1,0,0,1,0
1338,1,1,0,0,1,0,0
1339,1,1,0,0,1,0,0
1340,1,1,0,0,1,0,0
1341,1,1,0,0,1,0,0
1342,2,2,0,0,1,0,0
1344,1,1,0,0,1,0,0
1345,1,0,1,0,0,1,0
1346,1,0,1,0,0,1,0
1348,1,0,1,0,0,1,0
1350,1,1,0,0,1,0,0
1353,2,2,0,0,1,0,0
1355,1,1,0,0,1,0,0
1356,1,0,1,0,0,1,0
1357,1,1,0,0,1,0,0
1358,1,1,0,0,1,0,0
1359,1,0,0,1,0,0,1
1360,1,1,0,0,1,0,0
1363,3,2,1,0,0.66666666666666663,0.33333333333333331,0
1366,1,1,0,0,1,0,0
1367,1,0,0,1,0,0,1
1371,1,1,0,0,1,0,0
1373,3,2,1,0,0.66666666666666663,0.33333333333333331,0
1375,1,1,0,0,1,0,0
1377,1,1,0,0,1,0,0
1379,1,1,0,0,1,0,0
1382,2,2,0,0,1,0,0
1383,2,2,0,0,1,0,0
1384,1,1,0,0,1,0,0
1385,1,0,0,1,0,0,1
1389,1,0,0,1,0,0,1
1390,1,0,1,0,0,1,0
1391,1,1,0,0,1,0,0
1394,1,1,0,0,1,0,0
1397,1,1,0,0,1,0,0
1399,2,2,0,0,1,0,0
1400,1,1,0,0,1,0,0
1404,1,1,0,0,1,0,0
1406,1,1,0,0,1,0,0
1410,1,1,0,0,1,0,0
1411,1,1,0,0,1,0,0
1413,2,1,0,1,0.5,0,0.5
1415,2,1,0,1,0.5,0,0.5
1416,2,1,0,1,0.5,0,0.5
1417,1,1,0,0,1,0,0
1418,1,1,0,0,1,0,0
1420,1,1,0,0,1,0,0
1421,1,1,0,0,1,0,0
1427,3,2,1,0,0.66666666666666663,0.33333333333333331,0
1430,1,1,0,0,1,0,0
1436,1,1,0,0,1,0,0
1437,2,2,0,0,1,0,0
1438,2,1,0,1,0.5,0,0.5
1440,1,0,1,0,0,1,0
1441,2,1,1,0,0.5,0.5,0
1442,1,1,0,0,1,0,0
1444,2,1,1,0,0.5,0.5,0
1446,1,1,0,0,1,0,0
1448,1,1,0,0,1,0,0
1450,1,1,0,0,1,0,0
1451,1,1,0,0,1,0,0
1452,3,2,1,0,0.66666666666666663,0.33333333333333331,0
1454,1,1,0,0,1,0,0
1455,1,1,0,0,1,0,0
1456,1,1,0,0,1,0,0
1457,1,1,0,0,1,0,0
1460,1,0,1,0,0,1,0
1461,1,1,0,0,1,0,0
1468,1,1,0,0,1,0,0
1470,2,2,0,0,1,0,0
1471,1,0,0,1,0,0,1
1477,1,1,0,0,1,0,0
1479,1,1,0,0,1,0,0
1481,1,1,0,0,1,0,0
1482,1,0,1,0,0,1,0
1485,1,1,0,0,1,0,0
1486,2,1,0,1,0.5,0,0.5
1488,1,0,1,0,0,1,0
1489,1,1,0,0,1,0,0
1491,2,1,0,1,0.5,0,0.5
1493,1,1,0,0,1,0,0
1496,1,1,0,0,1,0,0
1497,1,0,1,0,0,1,0
1499,1,1,0,0,1,0,0
1500,1,0,1,0,0,1,0
1501,1,1,0,0,1,0,0
1502,1,1,0,0,1,0,0
1503,1,1,0,0,1,0,0
1506,2,2,0,0,1,0,0
1510,1,1,0,0,1,0,0
1512,2,1,1,0,0.5,0.5,0
1514,1,1,0,0,1,0,0
1522,1,0,1,0,0,1,0
1527,1,0,1,0,0,1,0
1530,1,1,0,0,1,0,0
1531,1,1,0,0,1,0,0
1535,1,1,0,0,1,0,0
1539,1,1,0,0,1,0,0
1543,1,0,1,0,0,1,0
1552,1,1,0,0,1,0,0
1556,1,0,1,0,0,1,0
1557,1,0,0,1,0,0,1
1560,1,0,0,1,0,0,1
1561,2,2,0,0,1,0,0
1565,1,0,1,0,0,1,0
1568,1,0,0,1,0,0,1
1570,1,1,0,0,1,0,0
1571,1,1,0,0,1,0,0
1573,1,0,1,0,0,1,0
1574,1,1,0,0,1,0,0
1578,2,1,0,1,0.5,0,0.5
1580,1,1,0,0,1,0,0
1582,1,0,1,0,0,1,0
1583,1,1,0,0,1,0,0
1584,1,1,0,0,1,0,0
1585,1,0,1,0,0,1,0
1587,1,1,0,0,1,0,0
1588,1,1,0,0,1,0,0
1590,1,1,0,0,1,0,0
1591,1,1,0,0,1,0,0
1597,2,2,0,0,1,0,0
1599,2,1,1,0,0.5,0.5,0
1600,1,0,1,0,0,1,0
1602,1,1,0,0,1,0,0
1603,1,1,0,0,1,0,0
1604,2,2,0,0,1,0,0
1605,1,1,0,0,1,0,0
1608,1,1,0,0,1,0,0
1609,1,1,0,0,1,0,0
1610,2,1,1,0,0.5,0.5,0
1611,1,1,0,0,1,0,0
1617,1,1,0,0,1,0,0
1618,1,1,0,0,1,0,0
1621,1,1,0,0,1,0,0
1622,1,0,1,0,0,1,0
1625,1,1,0,0,1,0,0
1628,1,1,0,0,1,0,0
1629,1,1,0,0,1,0,0
1632,1,0,1,0,0,1,0
1634,1,1,0,0,1,0,0
1635,2,1,1,0,0.5,0.5,0
1637,2,2,0,0,1,0,0
1638,2,2,0,0,1,0,0
1639,1,1,0,0,1,0,0
1640,1,1,0,0,1,0,0
1647,1,1,0,0,1,0,0
1651,1,0,1,0,0,1,0
1655,2,2,0,0,1,0,0
1657,2,0,2,0,0,1,0
1658,1,0,0,1,0,0,1
1659,1,0,0,1,0,0,1
1666,1,0,0,1,0,0,1
1668,1,1,0,0,1,0,0
1669,1,0,1,0,0,1,0
1671,1,0,1,0,0,1,0
1673,1,1,0,0,1,0,0
1675,2,1,1,0,0.5,0.5,0
1676,1,1,0,0,1,0,0
1680,1,0,0,1,0,0,1
1682,1,1,0,0,1,0,0
1688,1,1,0,0,1,0,0
1691,1,1,0,0,1,0,0
1694,1,1,0,0,1,0,0
1696,1,1,0,0,1,0,0
1698,1,1,0,0,1,0,0
1700,1,0,1,0,0,1,0
1702,2,2,0,0,1,0,0
1714,1,0,1,0,0,1,0
1717,1,1,0,0,1,0,0
1718,1,1,0,0,1,0,0
1722,1,1,0,0,1,0,0
1725,1,1,0,0,1,0,0
1727,2,1,0,1,0.5,0,0.5
1728,1,0,1,0,0,1,0
1732,1,1,0,0,1,0,0
1737,1,1,0,0,1,0,0
1738,1,1,0,0,1,0,0
1739,1,1,0,0,1,0,0
1740,1,0,1,0,0,1,0
1742,1,0,1,0,0,1,0
1744,1,1,0,0,1,0,0
1746,1,0,1,0,0,1,0
1750,1,1,0,0,1,0,0
1759,1,1,0,0,1,0,0
1778,1,0,0,1,0,0,1
1783,1,0,1,0,0,1,0
1785,1,1,0,0,1,0,0
1796,1,1,0,0,1,0,0
1805,1,1,0,0,1,0,0
1807,1,0,1,0,0,1,0
1808,1,1,0,0,1,0,0
1814,1,1,0,0,1,0,0
1818,1,1,0,0,1,0,0
1820,1,0,1,0,0,1,0
1824,1,1,0,0,1,0,0
1829,1,1,0,0,1,0,0
1830,1,0,0,1,0,0,1
1831,2,2,0,0,1,0,0
1832,1,0,1,0,0,1,0
1835,1,1,0,0,1,0,0
1838,1,0,1,0,0,1,0
1847,1,1,0,0,1,0,0
1855,2,1,1,0,0.5,0.5,0
1856,1,1,0,0,1,0,0
1861,1,1,0,0,1,0,0
1871,1,1,0,0,1,0,0
1875,1,1,0,0,1,0,0
1876,1,1,0,0,1,0,0
1877,2,1,1,0,0.5,0.5,0
1879,2,1,1,0,0.5,0.5,0
1880,1,1,0,0,1,0,0
1884,1,0,1,0,0,1,0
1888,1,1,0,0,1,0,0
1894,2,1,1,0,0.5,0.5,0
1898,1,1,0,0,1,0,0
1905,1,0,1,0,0,1,0
1909,1,1,0,0,1,0,0
1913,1,0,1,0,0,1,0
1914,1,0,1,0,0,1,0
1917,1,1,0,0,1,0,0
1919,1,0,1,0,0,1,0
1925,2,2,0,0,1,0,0
1927,2,1,1,0,0.5,0.5,0
1931,1,1,0,0,1,0,0
1937,2,0,2,0,0,1,0
1940,1,0,1,0,0,1,0
1942,1,0,1,0,0,1,0
1945,1,1,0,0,1,0,0
1946,1,1,0,0,1,0,0
1948,2,2,0,0,1,0,0
1951,2,2,0,0,1,0,0
1957,1,1,0,0,1,0,0
1960,1,1,0,0,1,0,0
1961,2,0,2,0,0,1,0
1967,1,1,0,0,1,0,0
1971,1,1,0,0,1,0,0
1977,1,1,0,0,1,0,0
1981,1,1,0,0,1,0,0
1988,1,1,0,0,1,0,0
1992,1,1,0,0,1,0,0
1996,1,1,0,0,1,0,0
1999,1,0,1,0,0,1,0
2000,2,2,0,0,1,0,0
2005,1,0,1,0,0,1,0
2006,2,1,0,1,0.5,0,0.5
2010,1,1,0,0,1,0,0
2012,1,0,1,0,0,1,0
2019,1,1,0,0,1,0,0
2023,1,1,0,0,1,0,0
2025,1,1,0,0,1,0,0
2037,1,1,0,0,1,0,0
2041,2,2,0,0,1,0,0
2042,1,1,0,0,1,0,0
2047,1,1,0,0,1,0,0
2053,1,0,1,0,0,1,0
2066,2,2,0,0,1,0,0
2069,1,1,0,0,1,0,0
2070,1,0,1,0,0,1,0
2080,1,1,0,0,1,0,0
2083,1,1,0,0,1,0,0
2085,1,0,1,0,0,1,0
2094,1,0,0,1,0,0,1
2101,2,1,0,1,0.5,0,0.5
2103,1,0,1,0,0,1,0
2107,1,0,1,0,0,1,0
2111,1,1,0,0,1,0,0
2115,1,1,0,0,1,0,0
2122,1,1,0,0,1,0,0
2125,1,0,1,0,0,1,0
2126,1,0,1,0,0,1,0
2129,1,1,0,0,1,0,0
2137,1,1,0,0,1,0,0
2150,1,1,0,0,1,0,0
2153,1,0,1,0,0,1,0
2155,1,1,0,0,1,0,0
2157,2,2,0,0,1,0,0
2161,1,1,0,0,1,0,0
2165,1,0,1,0,0,1,0
2166,1,0,1,0,0,1,0
2167,1,1,0,0,1,0,0
2168,1,0,1,0,0,1,0
2173,1,0,1,0,0,1,0
2179,1,1,0,0,1,0,0
2181,2,0,1,1,0,0.5,0.5
2185,2,1,0,1,0.5,0,0.5
2197,1,1,0,0,1,0,0
2201,1,0,1,0,0,1,0
2210,1,1,0,0,1,0,0
2211,1,1,0,0,1,0,0
2213,1,1,0,0,1,0,0
2214,1,1,0,0,1,0,0
2218,1,1,0,0,1,0,0
2222,2,2,0,0,1,0,0
2226,1,1,0,0,1,0,0
2229,1,0,1,0,0,1,0
2251,2,2,0,0,1,0,0
2256,1,1,0,0,1,0,0
2259,1,0,1,0,0,1,0
2262,1,1,0,0,1,0,0
2267,1,0,1,0,0,1,0
2278,1,1,0,0,1,0,0
2288,2,2,0,0,1,0,0
2293,1,0,1,0,0,1,0
2300,1,1,0,0,1,0,0
2302,2,1,0,1,0.5,0,0.5
2306,2,2,0,0,1,0,0
2307,1,1,0,0,1,0,0
2311,1,1,0,0,1,0,0
2315,1,1,0,0,1,0,0
2316,1,0,1,0,0,1,0
2320,1,1,0,0,1,0,0
2323,1,1,0,0,1,0,0
2324,1,0,0,1,0,0,1
2332,1,1,0,0,1,0,0
2361,2,0,2,0,0,1,0
2370,1,1,0,0,1,0,0
2380,1,0,0,1,0,0,1
2394,1,1,0,0,1,0,0
2398,1,1,0,0,1,0,0
2413,1,0,0,1,0,0,1
2425,1,0,1,0,0,1,0
2428,1,1,0,0,1,0,0
2441,1,1,0,0,1,0,0
2448,1,1,0,0,1,0,0
2451,1,1,0,0,1,0,0
2490,1,0,1,0,0,1,0
2496,1,1,0,0,1,0,0
2509,1,1,0,0,1,0,0
2514,1,1,0,0,1,0,0
2515,1,0,1,0,0,1,0
2516,1,1,0,0,1,0,0
2518,1,1,0,0,1,0,0
2553,1,1,0,0,1,0,0
2556,1,1,0,0,1,0,0
2559,1,1,0,0,1,0,0
2560,2,1,1,0,0.5,0.5,0
2570,1,1,0,0,1,0,0
2577,1,1,0,0,1,0,0
2579,1,1,0,0,1,0,0
2591,1,1,0,0,1,0,0
2612,1,1,0,0,1,0,0
2614,1,1,0,0,1,0,0
2619,1,0,0,1,0,0,1
2629,1,1,0,0,1,0,0
2656,1,1,0,0,1,0,0
2668,1,0,1,0,0,1,0
2678,1,0,1,0,0,1,0
2680,1,0,0,1,0,0,1
2691,2,1,1,0,0.5,0.5,0
2713,1,1,0,0,1,0,0
2727,1,1,0,0,1,0,0
2748,1,1,0,0,1,0,0
2753,1,0,1,0,0,1,0
2765,1,1,0,0,1,0,0
2768,1,1,0,0,1,0,0
2772,2,2,0,0,1,0,0
2775,1,1,0,0,1,0,0
2786,1,0,1,0,0,1,0
2787,1,0,1,0,0,1,0
2791,1,1,0,0,1,0,0
2799,1,1,0,0,1,0,0
2804,1,0,0,1,0,0,1
2816,1,1,0,0,1,0,0
2854,1,1,0,0,1,0,0
2860,1,1,0,0,1,0,0
2861,1,1,0,0,1,0,0
2865,1,0,1,0,0,1,0
2869,1,1,0,0,1,0,0
2888,1,1,0,0,1,0,0
2900,1,0,1,0,0,1,0
2946,1,1,0,0,1,0,0
2966,1,1,0,0,1,0,0
2982,1,1,0,0,1,0,0
2985,1,0,1,0,0,1,0
3024,1,1,0,0,1,0,0
3026,1,0,0,1,0,0,1
3039,1,1,0,0,1,0,0
3054,1,1,0,0,1,0,0
3056,1,0,1,0,0,1,0
3060,2,2,0,0,1,0,0
3061,1,1,0,0,1,0,0
3067,1,1,0,0,1,0,0
3071,1,1,0,0,1,0,0
3073,1,1,0,0,1,0,0
3092,1,1,0,0,1,0,0
3094,1,0,1,0,0,1,0
3111,1,1,0,0,1,0,0
3122,1,0,1,0,0,1,0
3137,1,1,0,0,1,0,0
3144,1,1,0,0,1,0,0
3154,1,1,0,0,1,0,0
3178,1,1,0,0,1,0,0
3181,1,1,0,0,1,0,0
3184,1,0,0,1,0,0,1
3208,1,1,0,0,1,0,0
3221,1,0,1,0,0,1,0
3239,1,1,0,0,1,0,0
3247,1,1,0,0,1,0,0
3248,1,0,1,0,0,1,0
3263,1,0,1,0,0,1,0
3268,1,1,0,0,1,0,0
3278,1,1,0,0,1,0,0
3284,1,1,0,0,1,0,0
3289,1,1,0,0,1,0,0
3303,1,0,1,0,0,1,0
3304,1,1,0,0,1,0,0
3322,1,1,0,0,1,0,0
3327,1,0,1,0,0,1,0
3342,1,0,1,0,0,1,0
3367,1,1,0,0,1,0,0
3377,1,0,1,0,0,1,0
3383,1,1,0,0,1,0,0
3427,1,1,0,0,1,0,0
3431,1,1,0,0,1,0,0
3437,1,1,0,0,1,0,0
3467,1,1,0,0,1,0,0
3579,1,1,0,0,1,0,0
3601,1,1,0,0,1,0,0
3607,1,1,0,0,1,0,0
3648,1,1,0,0,1,0,0
3665,1,1,0,0,1,0,0
3697,1,1,0,0,1,0,0
3727,1,0,1,0,0,1,0
3774,1,1,0,0,1,0,0
3830,1,0,1,0,0,1,0
3899,1,0,1,0,0,1,0
3913,1,1,0,0,1,0,0
3918,1,1,0,0,1,0,0
3985,1,1,0,0,1,0,0
4028,1,1,0,0,1,0,0
4129,1,1,0,0,1,0,0
4306,1,1,0,0,1,0,0
4397,1,0,1,0,0,1,0
4407,1,0,1,0,0,1,0
4413,1,1,0,0,1,0,0
4492,1,1,0,0,1,0,0
4499,1,1,0,0,1,0,0
4579,1,1,0,0,1,0,0
4836,1,0,1,0,0,1,0
4885,1,0,1,0,0,1,0
5037,1,1,0,0,1,0,0
5041,1,1,0,0,1,0,0
5058,1,0,1,0,0,1,0
5086,1,1,0,0,1,0,0
5139,1,1,0,0,1,0,0
5197,1,1,0,0,1,0,0
5295,1,0,1,0,0,1,0
5553,1,0,0,1,0,0,1
5561,1,0,1,0,0,1,0
5632,1,0,1,0,0,1,0
5683,1,1,0,0,1,0,0
5751,1,0,1,0,0,1,0
5900,1,0,1,0,0,1,0
6074,1,0,0,1,0,0,1
6220,1,1,0,0,1,0,0
7442,1,0,1,0,0,1,0
7871,1,1,0,0,1,0,0
8113,1,1,0,0,1,0,0
8160,1,0,1,0,0,1,0
8557,1,1,0,0,1,0,0
9376,1,0,1,0,0,1,0
9875,1,1,0,0,1,0,0
10061,1,1,0,0,1,0,0
10502,1,1,0,0,1,0,0
11151,1,1,0,0,1,0,0
22617,1,1,0,0,1,0,0
35834,1,0,1,0,0,1,0
