month_regist,diff,regists,q_uu,q_user_rate
2010-01-01,0,13070,6695,0.51224177505738333
2010-01-01,1,13070,1795,0.13733741392501914
2010-01-01,2,13070,1457,0.11147666411629686
2010-01-01,3,13070,1194,0.091354246365723035
2010-01-01,4,13070,1068,0.081713848508033662
2010-01-01,5,13070,1084,0.082938026013772
2010-01-01,6,13070,1050,0.080336648814078038
2010-01-01,7,13070,1011,0.077352716143840858
2010-01-01,8,13070,937,0.071690895179801067
2010-01-01,9,13070,928,0.071002295332823262
2010-01-01,10,13070,954,0.072991583779648053
2010-01-01,11,13070,934,0.071461361897475137
2010-01-01,12,13070,994,0.076052027543993886
2010-02-01,0,12314,6474,0.52574305668344978
2010-02-01,1,12314,1793,0.14560662660386553
2010-02-01,2,12314,1224,0.099399057982783826
2010-02-01,3,12314,1045,0.084862757836608738
2010-02-01,4,12314,993,0.080639922039954529
2010-02-01,5,12314,914,0.074224459964268311
2010-02-01,6,12314,937,0.076092252720480757
2010-02-01,7,12314,840,0.068215039792106552
2010-02-01,8,12314,804,0.065291538086730549
2010-02-01,9,12314,835,0.0678089978885821
2010-02-01,10,12314,777,0.063098911807698554
2010-02-01,11,12314,853,0.0692707487412701
2010-02-01,12,12314,866,0.07032645769043365
2010-03-01,0,14154,7657,0.54097781545852763
2010-03-01,1,14154,1886,0.13324855164617777
2010-03-01,2,14154,1403,0.099123922566059064
2010-03-01,3,14154,1208,0.085346898403278221
2010-03-01,4,14154,1155,0.081602373887240356
2010-03-01,5,14154,1125,0.079482831708350993
2010-03-01,6,14154,1042,0.073618765013423765
2010-03-01,7,14154,994,0.0702274975272008
2010-03-01,8,14154,999,0.070580754557015679
2010-03-01,9,14154,916,0.064716687862088451
2010-03-01,10,14154,948,0.066977532852903768
2010-03-01,11,14154,980,0.069238377843719084
2010-03-01,12,14154,1033,0.072982902359756963
2010-04-01,0,15025,7903,0.52599001663893508
2010-04-01,1,15025,1927,0.12825291181364393
2010-04-01,2,15025,1373,0.0913810316139767
2010-04-01,3,15025,1194,0.0794675540765391
2010-04-01,4,15025,1086,0.072279534109816967
2010-04-01,5,15025,980,0.065224625623960072
2010-04-01,6,15025,950,0.0632279534109817
2010-04-01,7,15025,975,0.064891846921797
2010-04-01,8,15025,890,0.059234608985024959
2010-04-01,9,15025,927,0.061697171381031611
2010-04-01,10,15025,1009,0.067154742096505821
2010-04-01,11,15025,1003,0.066755407653910151
2010-04-01,12,15025,942,0.0626955074875208
2010-05-01,0,15764,8306,0.52689672671910681
2010-05-01,1,15764,1920,0.12179649835067242
2010-05-01,2,15764,1440,0.091347373763004308
2010-05-01,3,15764,1242,0.078787109870591218
2010-05-01,4,15764,1130,0.071682314133468664
2010-05-01,5,15764,1027,0.065148439482364887
2010-05-01,6,15764,1033,0.065529053539710738
2010-05-01,7,15764,946,0.06001014970819589
2010-05-01,8,15764,993,0.062991626490738389
2010-05-01,9,15764,1010,0.064070032986551631
2010-05-01,10,15764,983,0.062357269728495306
2010-05-01,11,15764,919,0.058297386450139557
2010-05-01,12,15764,966,0.061278863232682057
2010-06-01,0,16431,8809,0.53612074736778037
2010-06-01,1,16431,2165,0.13176313066764045
2010-06-01,2,16431,1609,0.097924654616274115
2010-06-01,3,16431,1300,0.079118738969021968
2010-06-01,4,16431,1193,0.072606658146187081
2010-06-01,5,16431,1110,0.067555230965857221
2010-06-01,6,16431,1020,0.062077779806463396
2010-06-01,7,16431,1104,0.067190067555230965
2010-06-01,8,16431,1043,0.0634775728805307
2010-06-01,9,16431,1181,0.071876331324934581
2010-06-01,10,16431,1020,0.062077779806463396
2010-06-01,11,16431,1047,0.063721015154281538
2010-06-01,12,16431,1037,0.063112409469904443
2010-07-01,0,17454,9545,0.54686604789733018
2010-07-01,1,17454,2360,0.13521255872579352
2010-07-01,2,17454,1641,0.094018563080096249
2010-07-01,3,17454,1372,0.07860662312363928
2010-07-01,4,17454,1307,0.074882548412971234
2010-07-01,5,17454,1204,0.068981322332989578
2010-07-01,6,17454,1170,0.067033344792024746
2010-07-01,7,17454,1224,0.070127191474733591
2010-07-01,8,17454,1282,0.073450211985791228
2010-07-01,9,17454,1162,0.066574997135327149
2010-07-01,10,17454,1133,0.064913486879798324
2010-07-01,11,17454,1062,0.060845651426607084
2010-07-01,12,17454,1039,0.059527901913601466
2010-08-01,0,18261,10006,0.5479437051640107
2010-08-01,1,18261,2227,0.12195389080554186
2010-08-01,2,18261,1520,0.08323750068451892
2010-08-01,3,18261,1420,0.0777613493236953
2010-08-01,4,18261,1275,0.069820929850501062
2010-08-01,5,18261,1254,0.068670938064728113
2010-08-01,6,18261,1209,0.06620666995235748
2010-08-01,7,18261,1282,0.070204260445758726
2010-08-01,8,18261,1145,0.062701933081430364
2010-08-01,9,18261,1160,0.063523355785553917
2010-08-01,10,18261,1152,0.063085263676688028
2010-08-01,11,18261,1068,0.058485296533596187
2010-08-01,12,18261,1058,0.057937681397513825
2010-09-01,0,17023,9013,0.52946014216060622
2010-09-01,1,17023,2090,0.12277506902426129
2010-09-01,2,17023,1536,0.090230864125007346
2010-09-01,3,17023,1373,0.080655583622158258
2010-09-01,4,17023,1295,0.076073547553310222
2010-09-01,5,17023,1252,0.073547553310227345
2010-09-01,6,17023,1300,0.076367267814133818
2010-09-01,7,17023,1129,0.066322034893966986
2010-09-01,8,17023,1130,0.0663807789461317
2010-09-01,9,17023,1020,0.059918933208012691
2010-09-01,10,17023,959,0.056335546025964869
2010-09-01,11,17023,1028,0.060388885625330437
2010-09-01,12,17023,1022,0.060036421312342124
2010-10-01,0,18459,9257,0.501489788179208
2010-10-01,1,18459,2291,0.12411289885692615
2010-10-01,2,18459,1621,0.087816241399859149
2010-10-01,3,18459,1539,0.083373963920039
2010-10-01,4,18459,1404,0.07606045831301804
2010-10-01,5,18459,1445,0.078281597052928115
2010-10-01,6,18459,1234,0.066850858659732379
2010-10-01,7,18459,1249,0.06766347039384582
2010-10-01,8,18459,1222,0.066200769272441631
2010-10-01,9,18459,1103,0.059754049515141662
2010-10-01,10,18459,1132,0.061325098867760983
2010-10-01,11,18459,1109,0.060079094208787043
2010-10-01,12,18459,1072,0.058074651931307224
2010-11-01,0,20320,10355,0.50959645669291342
2010-11-01,1,20320,2452,0.12066929133858267
2010-11-01,2,20320,1898,0.09340551181102362
2010-11-01,3,20320,1677,0.082529527559055113
2010-11-01,4,20320,1637,0.080561023622047243
2010-11-01,5,20320,1475,0.07258858267716535
2010-11-01,6,20320,1364,0.0671259842519685
2010-11-01,7,20320,1316,0.064763779527559059
2010-11-01,8,20320,1217,0.059891732283464567
2010-11-01,9,20320,1219,0.059990157480314964
2010-11-01,10,20320,1244,0.061220472440944883
2010-11-01,11,20320,1156,0.056889763779527557
2010-11-01,12,20320,1224,0.060236220472440948
2010-12-01,0,20948,10612,0.50658774107313342
2010-12-01,1,20948,2481,0.1184361275539431
2010-12-01,2,20948,1805,0.0861657437464197
2010-12-01,3,20948,1698,0.08105785755203361
2010-12-01,4,20948,1509,0.072035516517089934
2010-12-01,5,20948,1427,0.068121061676532368
2010-12-01,6,20948,1335,0.063729234294443382
2010-12-01,7,20948,1250,0.05967156769142639
2010-12-01,8,20948,1241,0.059241932404048118
2010-12-01,9,20948,1195,0.057046018713003625
2010-12-01,10,20948,1173,0.055995799121634521
2010-12-01,11,20948,1147,0.054754630513652855
2010-12-01,12,20948,1096,0.052320030551842658
2011-01-01,0,24486,11949,0.48799313893653518
2011-01-01,1,24486,2991,0.1221514334721882
2011-01-01,2,24486,2327,0.095033896920689379
2011-01-01,3,24486,1919,0.07837131422037083
2011-01-01,4,24486,1757,0.071755288736420814
2011-01-01,5,24486,1539,0.062852242097525116
2011-01-01,6,24486,1463,0.059748427672955975
2011-01-01,7,24486,1488,0.060769419259985295
2011-01-01,8,24486,1384,0.056522094257943314
2011-01-01,9,24486,1334,0.054480111083884668
2011-01-01,10,24486,1364,0.055705300988319856
2011-01-01,11,24486,1275,0.052070570938495465
2011-01-01,12,24486,1311,0.053540798823817695
2011-02-01,0,26241,13044,0.49708471475934607
2011-02-01,1,26241,3494,0.13315041347509624
2011-02-01,2,26241,2266,0.086353416409435613
2011-02-01,3,26241,1939,0.0738920010670325
2011-02-01,4,26241,1785,0.06802332228192523
2011-02-01,5,26241,1599,0.060935177775237222
2011-02-01,6,26241,1646,0.062726268053808931
2011-02-01,7,26241,1515,0.057734080256087804
2011-02-01,8,26241,1477,0.056285964711710684
2011-02-01,9,26241,1490,0.056781372661102857
2011-02-01,10,26241,1382,0.052665675850767882
2011-02-01,11,26241,1447,0.055142715597728743
2011-02-01,12,26241,1486,0.05662893944590526
2011-03-01,0,30768,16185,0.5260335413416537
2011-03-01,1,30768,3668,0.11921476859074363
2011-03-01,2,30768,2629,0.085445917836713473
2011-03-01,3,30768,2176,0.070722828913156524
2011-03-01,4,30768,1929,0.062695007800312008
2011-03-01,5,30768,1867,0.060679927197087882
2011-03-01,6,30768,1720,0.055902236089443579
2011-03-01,7,30768,1703,0.055349713988559542
2011-03-01,8,30768,1737,0.056454758190327615
2011-03-01,9,30768,1548,0.05031201248049922
2011-03-01,10,30768,1628,0.052912116484659384
2011-03-01,11,30768,1695,0.055089703588143524
2011-03-01,12,30768,1626,0.052847113884555381
2011-04-01,0,29456,15479,0.52549565453557845
2011-04-01,1,29456,3626,0.12309885931558935
2011-04-01,2,29456,2384,0.080934274850624655
2011-04-01,3,29456,1916,0.065046170559478547
2011-04-01,4,29456,1820,0.061787072243346008
2011-04-01,5,29456,1703,0.057815046170559478
2011-04-01,6,29456,1691,0.057407658881042913
2011-04-01,7,29456,1598,0.054250407387289513
2011-04-01,8,29456,1492,0.050651819663226509
2011-04-01,9,29456,1558,0.052892449755567623
2011-04-01,10,29456,1549,0.0525869092884302
2011-04-01,11,29456,1581,0.053673275393807715
2011-04-01,12,29456,1461,0.049599402498642045
2011-05-01,0,29295,15605,0.53268475849121011
2011-05-01,1,29295,3413,0.11650452295613586
2011-05-01,2,29295,2351,0.080252602833247991
2011-05-01,3,29295,2056,0.0701826250213347
2011-05-01,4,29295,1748,0.059668885475337087
2011-05-01,5,29295,1693,0.057791431984980372
2011-05-01,6,29295,1657,0.056562553336746882
2011-05-01,7,29295,1504,0.051339819081754563
2011-05-01,8,29295,1572,0.0536610343061956
2011-05-01,9,29295,1544,0.052705239802014
2011-05-01,10,29295,1598,0.054548557774364223
2011-05-01,11,29295,1454,0.049633043181430275
2011-05-01,12,29295,1538,0.052500426693975082
2011-06-01,0,29609,15187,0.512918369414705
2011-06-01,1,29609,3641,0.12296936742206761
2011-06-01,2,29609,2517,0.085007936775980272
2011-06-01,3,29609,2014,0.0680198588267081
2011-06-01,4,29609,1760,0.059441386065047792
2011-06-01,5,29609,1729,0.058394407105947517
2011-06-01,6,29609,1627,0.05494950859535952
2011-06-01,7,29609,1680,0.056739504880272892
2011-06-01,8,29609,1702,0.05748252220608599
2011-06-01,9,29609,1766,0.059644027153905904
2011-06-01,10,29609,1619,0.05467932047688203
2011-06-01,11,29609,1609,0.054341585328785164
2011-06-01,12,29609,1522,0.051403289540342463
2011-07-01,0,31611,16001,0.50618455600898427
2011-07-01,1,31611,3787,0.1198000695960267
2011-07-01,2,31611,2468,0.078074088133877451
2011-07-01,3,31611,1974,0.062446616684065676
2011-07-01,4,31611,2010,0.0635854607573313
2011-07-01,5,31611,1718,0.054348169940843377
2011-07-01,6,31611,1826,0.057764702160640287
2011-07-01,7,31611,1793,0.056720761760146787
2011-07-01,8,31611,1835,0.058049413178956691
2011-07-01,9,31611,1695,0.053620575116257
2011-07-01,10,31611,1633,0.051659232545632851
2011-07-01,11,31611,1631,0.051595963430451426
2011-07-01,12,31611,1689,0.053430767770712727
2011-08-01,0,32479,16714,0.5146094399458111
2011-08-01,1,32479,3730,0.11484343729794637
2011-08-01,2,32479,2484,0.0764801871978817
2011-08-01,3,32479,2206,0.0679208103697774
2011-08-01,4,32479,1950,0.060038794297854
2011-08-01,5,32479,1980,0.060962468056282519
2011-08-01,6,32479,1936,0.059607746543920689
2011-08-01,7,32479,1994,0.061393515810215835
2011-08-01,8,32479,1756,0.054065703993349548
2011-08-01,9,32479,1723,0.053049662859078174
2011-08-01,10,32479,1685,0.051879676098402043
2011-08-01,11,32479,1700,0.052341512977616307
2011-08-01,12,32479,1657,0.051017580590535426
2011-09-01,0,31837,15231,0.47840562867104314
2011-09-01,1,31837,3682,0.11565160033922794
2011-09-01,2,31837,2756,0.0865659452837893
2011-09-01,3,31837,2334,0.073310927537142315
2011-09-01,4,31837,2339,0.07346797751044383
2011-09-01,5,31837,2246,0.070546848007035839
2011-09-01,6,31837,2155,0.067688538492948452
2011-09-01,7,31837,1991,0.062537299368659108
2011-09-01,8,31837,1931,0.060652699689041051
2011-09-01,9,31837,1859,0.058391180073499388
2011-09-01,10,31837,1828,0.057417470239030058
2011-09-01,11,31837,1768,0.055532870559412008
2011-09-01,12,31837,1686,0.052957250997267329
2011-10-01,0,30270,13141,0.43412619755533532
2011-10-01,1,30270,4142,0.13683515031384208
2011-10-01,2,30270,2913,0.096233894945490589
2011-10-01,3,30270,2704,0.089329369012223325
2011-10-01,4,30270,2656,0.087743640568219358
2011-10-01,5,30270,2538,0.083845391476709608
2011-10-01,6,30270,2336,0.077172117608192925
2011-10-01,7,30270,2218,0.073273868516683188
2011-10-01,8,30270,2056,0.0679220350181698
2011-10-01,9,30270,2027,0.066963990749917407
2011-10-01,10,30270,1944,0.064222001982160548
2011-10-01,11,30270,1884,0.0622398414271556
2011-10-01,12,30270,1957,0.064651470102411623
2011-11-01,0,31955,13528,0.42334532936942576
2011-11-01,1,31955,3984,0.12467532467532468
2011-11-01,2,31955,3146,0.098450946643717729
2011-11-01,3,31955,2827,0.088468158347676421
2011-11-01,4,31955,2747,0.085964637771866692
2011-11-01,5,31955,2427,0.075950555468627765
2011-11-01,6,31955,2314,0.072414332655296509
2011-11-01,7,31955,2173,0.068001877640431863
2011-11-01,8,31955,2073,0.064872476920669692
2011-11-01,9,31955,2017,0.06312001251760288
2011-11-01,10,31955,1913,0.059865435769050228
2011-11-01,11,31955,2035,0.063683304647160072
2011-11-01,12,31955,1944,0.060835549992176496
2011-12-01,0,30759,12817,0.41669104977404986
2011-12-01,1,30759,3814,0.12399622874605806
2011-12-01,2,30759,2917,0.094834032315744984
2011-12-01,3,30759,2533,0.082349881335544065
2011-12-01,4,30759,2294,0.074579797782762774
2011-12-01,5,30759,2250,0.07314932214961474
2011-12-01,6,30759,1996,0.064891576449169347
2011-12-01,7,30759,1953,0.0634936116258656
2011-12-01,8,30759,1865,0.06063266035956956
2011-12-01,9,30759,1772,0.057609155044052146
2011-12-01,10,30759,1831,0.05952729282486427
2011-12-01,11,30759,1777,0.057771709093273511
2011-12-01,12,30759,1635,0.053155174095386719
2012-01-01,0,35065,14316,0.40827035505489806
2012-01-01,1,35065,4422,0.12610865535434193
2012-01-01,2,35065,3368,0.096050192499643514
2012-01-01,3,35065,2917,0.083188364465991732
2012-01-01,4,35065,2607,0.074347640096962778
2012-01-01,5,35065,2345,0.066875802081848
2012-01-01,6,35065,2295,0.065449878796520741
2012-01-01,7,35065,2164,0.061713959788963352
2012-01-01,8,35065,1970,0.056181377441893623
2012-01-01,9,35065,2138,0.060972479680593182
2012-01-01,10,35065,2049,0.058434336232710681
2012-01-01,11,35065,1856,0.0529302723513475
2012-01-01,12,35065,2017,0.057521745330101237
2012-02-01,0,37666,15573,0.41344979557160305
2012-02-01,1,37666,4991,0.132506770031328
2012-02-01,2,37666,3475,0.092258270057877137
2012-02-01,3,37666,3020,0.08017841023734934
2012-02-01,4,37666,2595,0.0688950246907025
2012-02-01,5,37666,2524,0.0670100355758509
2012-02-01,6,37666,2384,0.063293155631073114
2012-02-01,7,37666,2226,0.059098391121966763
2012-02-01,8,37666,2306,0.061222322518982637
2012-02-01,9,37666,2151,0.057107205437264379
2012-02-01,10,37666,1968,0.052248712366590559
2012-02-01,11,37666,2090,0.055487707747039768
2012-02-01,12,37666,1995,0.052965539213083418
2012-03-01,0,40382,16738,0.41449160517062056
2012-03-01,1,40382,4925,0.12196027933237581
2012-03-01,2,40382,3491,0.086449408152147
2012-03-01,3,40382,2829,0.070055965529196171
2012-03-01,4,40382,2704,0.066960526967460757
2012-03-01,5,40382,2518,0.062354514387598432
2012-03-01,6,40382,2325,0.057575157248278934
2012-03-01,7,40382,2457,0.06084394036947155
2012-03-01,8,40382,2326,0.057599920756772817
2012-03-01,9,40382,2066,0.051161408548363131
2012-03-01,10,40382,2241,0.055495022534792729
2012-03-01,11,40382,2087,0.051681442226734681
2012-03-01,12,40382,2231,0.055247387449853892
2012-04-01,0,39115,16204,0.41426562699731562
2012-04-01,1,39115,4736,0.12107886999872172
2012-04-01,2,39115,3115,0.079636967915122078
2012-04-01,3,39115,2797,0.071507094465038987
2012-04-01,4,39115,2529,0.06465550300396268
2012-04-01,5,39115,2234,0.0571136392688227
2012-04-01,6,39115,2443,0.062456857982871018
2012-04-01,7,39115,2217,0.056679023392560396
2012-04-01,8,39115,2022,0.05169372363543398
2012-04-01,9,39115,2165,0.055349610123993351
2012-04-01,10,39115,2056,0.052562955387958583
2012-04-01,11,39115,2208,0.056448932634539178
2012-04-01,12,39115,2031,0.0519238143934552
2012-05-01,0,57120,16479,0.28849789915966384
2012-05-01,1,57120,4508,0.078921568627450978
2012-05-01,2,57120,3234,0.056617647058823529
2012-05-01,3,57120,2717,0.047566526610644255
2012-05-01,4,57120,2436,0.042647058823529413
2012-05-01,5,57120,2404,0.042086834733893561
2012-05-01,6,57120,2290,0.04009103641456583
2012-05-01,7,57120,1990,0.034838935574229693
2012-05-01,8,57120,2186,0.0382703081232493
2012-05-01,9,57120,2090,0.036589635854341739
2012-05-01,10,57120,2175,0.038077731092436971
2012-05-01,11,57120,2080,0.036414565826330535
2012-05-01,12,57120,1901,0.033280812324929972
2012-06-01,0,58561,16380,0.27970833831389491
2012-06-01,1,58561,4898,0.083639282116084082
2012-06-01,2,58561,3310,0.05652225884120831
2012-06-01,3,58561,2661,0.045439797817660214
2012-06-01,4,58561,2534,0.043271119004115365
2012-06-01,5,58561,2348,0.040094943733884322
2012-06-01,6,58561,2062,0.035211147350625846
2012-06-01,7,58561,2285,0.03901914243267704
2012-06-01,8,58561,2174,0.037123682997216578
2012-06-01,9,58561,2205,0.037653045542255084
2012-06-01,10,58561,2074,0.035416061884189137
2012-06-01,11,58561,1980,0.033810898037943342
2012-06-01,12,58561,1939,0.033110773381602093
2012-07-01,0,67852,18205,0.26830454518658259
2012-07-01,1,67852,5275,0.077742734186169893
2012-07-01,2,67852,3366,0.049607970288274482
2012-07-01,3,67852,3138,0.046247715616341452
2012-07-01,4,67852,2708,0.039910393208748451
2012-07-01,5,67852,2366,0.034870011200848906
2012-07-01,6,67852,2532,0.037316512409361555
2012-07-01,7,67852,2329,0.034324706714614163
2012-07-01,8,67852,2408,0.035489005482520777
2012-07-01,9,67852,2338,0.03445734834640099
2012-07-01,10,67852,2179,0.032114012851500326
2012-07-01,11,67852,2066,0.030448623474621236
2012-07-01,12,67852,2211,0.032585627542297942
2012-08-01,0,66169,17185,0.25971376324260603
2012-08-01,1,66169,4498,0.067977451676767067
2012-08-01,2,66169,3439,0.051972978282881714
2012-08-01,3,66169,2873,0.043419123758859889
2012-08-01,4,66169,2355,0.035590684459490096
2012-08-01,5,66169,2457,0.037132191811875652
2012-08-01,6,66169,2286,0.034547900074052805
2012-08-01,7,66169,2388,0.036089407426438361
2012-08-01,8,66169,2229,0.03368646949477852
2012-08-01,9,66169,2145,0.032416992851637474
2012-08-01,10,66169,1917,0.028971270534540343
2012-08-01,11,66169,2025,0.030603454790007405
2012-08-01,12,66169,1937,0.029273526878145356
2012-09-01,0,64187,17075,0.266019598984218
2012-09-01,1,64187,4819,0.075077507906585447
2012-09-01,2,64187,3220,0.050165921448268341
2012-09-01,3,64187,2550,0.039727670712137973
2012-09-01,4,64187,2609,0.040646859956065873
2012-09-01,5,64187,2338,0.036424821225481796
2012-09-01,6,64187,2436,0.037951610139124743
2012-09-01,7,64187,2240,0.034898032311838849
2012-09-01,8,64187,2115,0.032950597473008554
2012-09-01,9,64187,1899,0.029585430071509808
2012-09-01,10,64187,2024,0.0315328649103401
2012-09-01,11,64187,1858,0.028946671444373472
2012-09-01,12,64187,1902,0.029632168507641735
2012-10-01,0,73525,20167,0.27428765725943555
2012-10-01,1,73525,5541,0.075362121727303638
2012-10-01,2,73525,3532,0.0480380822849371
2012-10-01,3,73525,3256,0.044284257055423326
2012-10-01,4,73525,3015,0.041006460387623254
2012-10-01,5,73525,2973,0.040435226113566813
2012-10-01,6,73525,2730,0.037130227813668822
2012-10-01,7,73525,2471,0.03360761645698742
2012-10-01,8,73525,2239,0.030452227133628017
2012-10-01,9,73525,2320,0.031553893233594019
2012-10-01,10,73525,2153,0.029282556953417204
2012-10-01,11,73525,2083,0.028330499829989798
2012-10-01,12,73525,2223,0.03023461407684461
2012-11-01,0,72110,20598,0.28564692830398003
2012-11-01,1,72110,5100,0.070725280820967962
2012-11-01,2,72110,3712,0.051476910275967271
2012-11-01,3,72110,3087,0.042809596449868259
2012-11-01,4,72110,3062,0.0424629038968243
2012-11-01,5,72110,2898,0.040188600748855913
2012-11-01,6,72110,2609,0.036180834835667731
2012-11-01,7,72110,2329,0.032297878241575373
2012-11-01,8,72110,2369,0.032852586326445707
2012-11-01,9,72110,2182,0.030259326029676882
2012-11-01,10,72110,2175,0.030162252114824574
2012-11-01,11,72110,2237,0.031022049646373596
2012-11-01,12,72110,2102,0.029149909859936207
2012-12-01,0,67201,17757,0.2642371393282838
2012-12-01,1,67201,4659,0.069329325456466417
2012-12-01,2,67201,3153,0.046918944658561626
2012-12-01,3,67201,2950,0.043898156277436345
2012-12-01,4,67201,2635,0.039210726030862633
2012-12-01,5,67201,2363,0.03516316721477359
2012-12-01,6,67201,2206,0.032826892456957489
2012-12-01,7,67201,2174,0.03235070906682936
2012-12-01,8,67201,2122,0.031576911057871165
2012-12-01,9,67201,1981,0.029478727995119119
2012-12-01,10,67201,2110,0.031398342286573115
2012-12-01,11,67201,1958,0.029136471183464532
2012-12-01,12,67201,1805,0.026859719349414442
2013-01-01,0,81441,20442,0.25100379415773383
2013-01-01,1,81441,5328,0.0654215935462482
2013-01-01,2,81441,4056,0.049802924816738495
2013-01-01,3,81441,3379,0.04149015851966454
2013-01-01,4,81441,2936,0.03605063788509473
2013-01-01,5,81441,2651,0.032551172014096096
2013-01-01,6,81441,2610,0.032047740081776993
2013-01-01,7,81441,2407,0.02955513807541656
2013-01-01,8,81441,2269,0.027860659864196165
2013-01-01,9,81441,2388,0.029321840350683318
2013-01-01,10,81441,2260,0.027750150415638313
2013-01-01,11,81441,2079,0.025527682616863744
2013-01-01,12,81441,2272,0.027897496347048783
2013-02-01,0,84436,20088,0.23790800132644843
2013-02-01,1,84436,6020,0.071296603344544976
2013-02-01,2,84436,4082,0.048344308115022029
2013-02-01,3,84436,3192,0.037803780378037805
2013-02-01,4,84436,2700,0.03197688189871619
2013-02-01,5,84436,2694,0.031905822161163486
2013-02-01,6,84436,2450,0.029016059500686912
2013-02-01,7,84436,2344,0.0277606708039225
2013-02-01,8,84436,2502,0.029631910559477
2013-02-01,9,84436,2306,0.027310625799422047
2013-02-01,10,84436,2032,0.024065564451181961
2013-02-01,11,84436,2224,0.026339476052868446
2013-02-01,12,84436,2228,0.026386849211236914
2013-03-01,0,100431,23817,0.23714789258296742
2013-03-01,1,100431,6605,0.0657665461859386
2013-03-01,2,100431,4219,0.0420089414622975
2013-03-01,3,100431,3384,0.033694775517519489
2013-03-01,4,100431,3150,0.03136481763598889
2013-03-01,5,100431,2920,0.02907468809431351
2013-03-01,6,100431,2751,0.027391940735430297
2013-03-01,7,100431,2843,0.028307992552100446
2013-03-01,8,100431,2664,0.026525674343579175
2013-03-01,9,100431,2377,0.023667990958966854
2013-03-01,10,100431,2470,0.024593999860600811
2013-03-01,11,100431,2521,0.025101811193754917
2013-03-01,12,100431,2637,0.026256833049556411
2013-04-01,0,100435,23202,0.23101508438293425
2013-04-01,1,100435,5967,0.059411559715238711
2013-04-01,2,100435,3761,0.037447105092846121
2013-04-01,3,100435,3286,0.032717678100263853
2013-04-01,4,100435,2983,0.029700801513416638
2013-04-01,5,100435,2748,0.027360979738139096
2013-04-01,6,100435,2823,0.028107731368546822
2013-04-01,7,100435,2679,0.026673968238163988
2013-04-01,8,100435,2447,0.024364016528102755
2013-04-01,9,100435,2508,0.02497137452083437
2013-04-01,10,100435,2438,0.024274406332453827
2013-04-01,11,100435,2553,0.025419425499079006
2013-04-01,12,100435,2324,0.023139343854234082
2013-05-01,0,97866,22113,0.22595181166084238
2013-05-01,1,97866,5519,0.056393435922588026
2013-05-01,2,97866,3894,0.039789099380785974
2013-05-01,3,97866,3156,0.032248176077493716
2013-05-01,4,97866,2741,0.028007683976048883
2013-05-01,5,97866,2804,0.028651421331207978
2013-05-01,6,97866,2539,0.02594363721823718
2013-05-01,7,97866,2274,0.023235853105266383
2013-05-01,8,97866,2431,0.024840087466535876
2013-05-01,9,97866,2238,0.022868003188032615
2013-05-01,10,97866,2484,0.025381644289130034
2013-05-01,11,97866,2259,0.023082582306418981
2013-05-01,12,97866,2122,0.021682709010279362
2013-06-01,0,89276,20643,0.23122675747121288
2013-06-01,1,89276,5865,0.06569514763206237
2013-06-01,2,89276,3677,0.041186881132667233
2013-06-01,3,89276,2882,0.0322819122720552
2013-06-01,4,89276,2799,0.03135221112056992
2013-06-01,5,89276,2491,0.027902235763251043
2013-06-01,6,89276,2264,0.025359559120032259
2013-06-01,7,89276,2385,0.026714906581836104
2013-06-01,8,89276,2288,0.025628388368654508
2013-06-01,9,89276,2356,0.026390071239750883
2013-06-01,10,89276,2115,0.023690577534835791
2013-06-01,11,89276,2044,0.022895291007661633
2013-06-01,12,89276,1951,0.021853577669250415
2013-07-01,0,96250,22616,0.23497142857142858
2013-07-01,1,96250,6246,0.064893506493506489
2013-07-01,2,96250,3753,0.038992207792207793
2013-07-01,3,96250,3448,0.035823376623376625
2013-07-01,4,96250,2848,0.029589610389610388
2013-07-01,5,96250,2572,0.026722077922077921
2013-07-01,6,96250,2654,0.027574025974025973
2013-07-01,7,96250,2576,0.026763636363636364
2013-07-01,8,96250,2560,0.0265974025974026
2013-07-01,9,96250,2350,0.024415584415584415
2013-07-01,10,96250,2150,0.022337662337662337
2013-07-01,11,96250,2018,0.020966233766233765
2013-07-01,12,96250,2168,0.022524675324675326
2013-08-01,0,89788,20872,0.2324586804472758
2013-08-01,1,89788,5302,0.059050207154630906
2013-08-01,2,89788,3763,0.041909832048826125
2013-08-01,3,89788,2948,0.032832895264400586
2013-08-01,4,89788,2515,0.028010424555619903
2013-08-01,5,89788,2643,0.029436004811333363
2013-08-01,6,89788,2419,0.026941239363834812
2013-08-01,7,89788,2469,0.027498106651222879
2013-08-01,8,89788,2200,0.024502160645075065
2013-08-01,9,89788,2002,0.022296966187018308
2013-08-01,10,89788,1898,0.021138682229251124
2013-08-01,11,89788,1882,0.020960484697286941
2013-08-01,12,89788,1764,0.019646277899051098
2013-09-01,0,90418,21091,0.23326107633435819
2013-09-01,1,90418,5810,0.064257116945740891
2013-09-01,2,90418,3813,0.042170806697781414
2013-09-01,3,90418,2965,0.032792143157335932
2013-09-01,4,90418,2722,0.030104625185250724
2013-09-01,5,90418,2676,0.029595876927160522
2013-09-01,6,90418,2643,0.029230905350704505
2013-09-01,7,90418,2386,0.026388550952244023
2013-09-01,8,90418,2151,0.023789510938087548
2013-09-01,9,90418,1872,0.020703842155323057
2013-09-01,10,90418,1886,0.020858678581698334
2013-09-01,11,90418,1720,0.019022760954677167
2013-09-01,12,90418,1908,0.021101992966002344
2013-10-01,0,102572,24352,0.23741371914362594
2013-10-01,1,102572,6262,0.061049799165464262
2013-10-01,2,102572,4060,0.039581952189681392
2013-10-01,3,102572,3468,0.033810396599461841
2013-10-01,4,102572,3183,0.031031860546737903
2013-10-01,5,102572,3247,0.031655812502437312
2013-10-01,6,102572,2827,0.027561127793159928
2013-10-01,7,102572,2473,0.02410989353819756
2013-10-01,8,102572,2122,0.020687907031158602
2013-10-01,9,102572,2210,0.02154584097024529
2013-10-01,10,102572,1940,0.0189135436571384
2013-10-01,11,102572,1993,0.019430253870451976
2013-10-01,12,102572,2116,0.020629411535311781
2013-11-01,0,98528,23564,0.23916044170185125
2013-11-01,1,98528,5736,0.058216953556349461
2013-11-01,2,98528,3973,0.040323562845079569
2013-11-01,3,98528,3345,0.033949740175381618
2013-11-01,4,98528,3216,0.032640467684313092
2013-11-01,5,98528,2886,0.029291165962974992
2013-11-01,6,98528,2429,0.024652890548879508
2013-11-01,7,98528,2101,0.02132388762585255
2013-11-01,8,98528,2030,0.020603280285807081
2013-11-01,9,98528,1813,0.018400860669048391
2013-11-01,10,98528,1907,0.019354904189671972
2013-11-01,11,98528,2065,0.02095850925625203
2013-11-01,12,98528,1946,0.0197507307567392
2013-12-01,0,91136,21305,0.23377150632022473
2013-12-01,1,91136,5597,0.061413711376404494
2013-12-01,2,91136,3603,0.039534322331460675
2013-12-01,3,91136,3292,0.03612183988764045
2013-12-01,4,91136,2749,0.030163711376404494
2013-12-01,5,91136,2332,0.025588132022471909
2013-12-01,6,91136,2012,0.022076896067415731
2013-12-01,7,91136,2043,0.022417047050561797
2013-12-01,8,91136,1860,0.020409058988764044
2013-12-01,9,91136,1827,0.020046962780898875
2013-12-01,10,91136,1884,0.020672401685393259
2013-12-01,11,91136,1811,0.019871400983146069
2013-12-01,12,91136,1659,0.018203563904494381
2014-01-01,0,102258,24041,0.23510141015861841
2014-01-01,1,102258,6310,0.06170666353732715
2014-01-01,2,102258,4491,0.043918324238690375
2014-01-01,3,102258,3391,0.033161219660075493
2014-01-01,4,102258,2801,0.027391499931545698
2014-01-01,5,102258,2387,0.023342916935594281
2014-01-01,6,102258,2404,0.023509163097263783
2014-01-01,7,102258,2073,0.020272252537698762
2014-01-01,8,102258,2239,0.021895597410471552
2014-01-01,9,102258,2036,0.01991042265641808
2014-01-01,10,102258,1938,0.0189520624303233
2014-01-01,11,102258,1839,0.017983923018247961
2014-01-01,12,102258,1930,0.018873828942478826
2014-02-01,0,100625,23676,0.23528944099378882
2014-02-01,1,100625,6745,0.067031055900621112
2014-02-01,2,100625,4270,0.042434782608695654
2014-02-01,3,100625,3050,0.030310559006211182
2014-02-01,4,100625,2437,0.02421863354037267
2014-02-01,5,100625,2395,0.023801242236024846
2014-02-01,6,100625,2124,0.02110807453416149
2014-02-01,7,100625,2221,0.022072049689440994
2014-02-01,8,100625,2132,0.021187577639751553
2014-02-01,9,100625,2055,0.020422360248447204
2014-02-01,10,100625,1820,0.018086956521739129
2014-02-01,11,100625,1827,0.018156521739130436
2014-02-01,12,100625,1807,0.017957763975155281
2014-03-01,0,108379,26318,0.24283302115723526
2014-03-01,1,108379,6841,0.063121084342907766
2014-03-01,2,108379,4103,0.037857887598150931
2014-03-01,3,108379,3008,0.027754454276197417
2014-03-01,4,108379,2746,0.025337011782725436
2014-03-01,5,108379,2415,0.022282914586774189
2014-03-01,6,108379,2457,0.022670443536109395
2014-03-01,7,108379,2529,0.023334778877826885
2014-03-01,8,108379,2323,0.021434041650135172
2014-03-01,9,108379,2039,0.018813607802249513
2014-03-01,10,108379,2082,0.019210363631330794
2014-03-01,11,108379,2140,0.019745522656603218
2014-03-01,12,108379,2217,0.020455992397051089
2014-04-01,0,100519,23882,0.23758692386513994
2014-04-01,1,100519,5715,0.056854922949890072
2014-04-01,2,100519,3203,0.031864622608661047
2014-04-01,3,100519,2710,0.02696007719933545
2014-04-01,4,100519,2261,0.022493259980700165
2014-04-01,5,100519,2263,0.022513156716640635
2014-04-01,6,100519,2237,0.02225449914941454
2014-04-01,7,100519,2079,0.02068265701011749
2014-04-01,8,100519,1816,0.01806623623394582
2014-04-01,9,100519,1878,0.018683035048100358
2014-04-01,10,100519,1884,0.018742725255921765
2014-04-01,11,100519,2016,0.020055909827992716
2014-04-01,12,100519,1986,0.019757458788885685
2014-05-01,0,96440,22104,0.22919950228121111
2014-05-01,1,96440,5401,0.056003732890916633
2014-05-01,2,96440,3467,0.03594981335545417
2014-05-01,3,96440,2640,0.027374533388635422
2014-05-01,4,96440,2442,0.025321443384487764
2014-05-01,5,96440,2357,0.024440066362505185
2014-05-01,6,96440,2263,0.023465367067606803
2014-05-01,7,96440,1924,0.019950228121111573
2014-05-01,8,96440,1976,0.020489423475736211
2014-05-01,9,96440,1831,0.018985897967648279
2014-05-01,10,96440,1991,0.020644960597262545
2014-05-01,11,96440,1910,0.019805060141020323
2014-05-01,12,96440,1936,0.02007465781833264
2014-06-01,0,89869,20550,0.22866616964693054
2014-06-01,1,89869,5609,0.062413067909957827
2014-06-01,2,89869,3252,0.036186004072594556
2014-06-01,3,89869,2647,0.029453983019728715
2014-06-01,4,89869,2396,0.0266610288308538
2014-06-01,5,89869,2170,0.024146257330113833
2014-06-01,6,89869,1857,0.020663410074664233
2014-06-01,7,89869,1899,0.021130756990730953
2014-06-01,8,89869,1899,0.021130756990730953
2014-06-01,9,89869,1992,0.022165596590592973
2014-06-01,10,89869,1841,0.020485373154257865
2014-06-01,11,89869,1783,0.019839989317784777
2014-06-01,12,89869,1803,0.020062535468292737
2014-07-01,0,97752,22858,0.23383664784352237
2014-07-01,1,97752,5677,0.058075538096407232
2014-07-01,2,97752,3445,0.035242245682952776
2014-07-01,3,97752,2931,0.029984041247237907
2014-07-01,4,97752,2559,0.026178492511662165
2014-07-01,5,97752,2236,0.022874212292331615
2014-07-01,6,97752,2250,0.023017431868401668
2014-07-01,7,97752,2165,0.02214788444226205
2014-07-01,8,97752,2215,0.022659382928226533
2014-07-01,9,97752,2082,0.021298796955561011
2014-07-01,10,97752,1992,0.020378099680824945
2014-07-01,11,97752,1964,0.020091660528684836
2014-07-01,12,97752,2053,0.021002127833701614
2014-08-01,0,90646,20411,0.22517264964808154
2014-08-01,1,90646,5058,0.055799483705844713
2014-08-01,2,90646,3285,0.0362398782075326
2014-08-01,3,90646,2596,0.028638880921386493
2014-08-01,4,90646,2202,0.024292301921761579
2014-08-01,5,90646,2192,0.024181982657811706
2014-08-01,6,90646,2031,0.022405842508218785
2014-08-01,7,90646,2040,0.022505129845773669
2014-08-01,8,90646,2012,0.022196235906714032
2014-08-01,9,90646,1915,0.021126139046400282
2014-08-01,10,90646,1921,0.021192330604770205
2014-08-01,11,90646,1905,0.021015819782450412
2014-08-01,12,90646,1801,0.019868499437371755
2014-09-01,0,94891,20161,0.21246482806588612
2014-09-01,1,94891,5132,0.05408310587937739
2014-09-01,2,94891,3383,0.035651431642621537
2014-09-01,3,94891,2614,0.02754739648649503
2014-09-01,4,94891,2351,0.024775795386285316
2014-09-01,5,94891,2189,0.023068573415813934
2014-09-01,6,94891,2298,0.024217259803353323
2014-09-01,7,94891,2065,0.021761810919897567
2014-09-01,8,94891,1905,0.020075665763876448
2014-09-01,9,94891,1813,0.019106132299164306
2014-09-01,10,94891,1810,0.019074517077488907
2014-09-01,11,94891,1600,0.016861451560211189
2014-09-01,12,94891,1544,0.016271300755603797
2014-10-01,0,101009,22501,0.22276232810937638
2014-10-01,1,101009,5665,0.056084111316813352
2014-10-01,2,101009,3558,0.03522458394796503
2014-10-01,3,101009,2912,0.028829114237345188
2014-10-01,4,101009,2804,0.027759902582938156
2014-10-01,5,101009,2757,0.027294597511112871
2014-10-01,6,101009,2459,0.024344365353582354
2014-10-01,7,101009,2253,0.022304943123880049
2014-10-01,8,101009,2191,0.021691136433387125
2014-10-01,9,101009,2028,0.020077418843865397
2014-10-01,10,101009,1878,0.018592402657188964
2014-10-01,11,101009,1834,0.01815679790909721
2014-10-01,12,101009,1892,0.018731004167945431
2014-11-01,0,99184,21957,0.22137643168252943
2014-11-01,1,99184,5147,0.051893450556541376
2014-11-01,2,99184,3388,0.034158735279883855
2014-11-01,3,99184,2881,0.029047023713502179
2014-11-01,4,99184,2965,0.029893934505565413
2014-11-01,5,99184,2733,0.02755484755605743
2014-11-01,6,99184,2332,0.023511856751088887
2014-11-01,7,99184,2147,0.02164663655428295
2014-11-01,8,99184,2039,0.020557751250201647
2014-11-01,9,99184,1839,0.018541296983384418
2014-11-01,10,99184,1826,0.018410227456041296
2014-11-01,11,99184,1849,0.018642119696725277
2014-11-01,12,99184,1744,0.017583481206646233
2014-12-01,0,93431,19861,0.21257398507989853
2014-12-01,1,93431,4743,0.050764735473236934
2014-12-01,2,93431,3192,0.034164249553146175
2014-12-01,3,93431,2971,0.031798867613532983
2014-12-01,4,93431,2653,0.028395286361057894
2014-12-01,5,93431,2399,0.025676702593357664
2014-12-01,6,93431,2176,0.023289914482345259
2014-12-01,7,93431,2100,0.022476479969175112
2014-12-01,8,93431,1884,0.020164613458059959
2014-12-01,9,93431,1753,0.018762509231411414
2014-12-01,10,93431,1754,0.018773212317111022
2014-12-01,11,93431,1708,0.018280870374929092
2014-12-01,12,93431,1695,0.0181417302608342
2015-01-01,0,99040,20701,0.20901655896607432
2015-01-01,1,99040,5213,0.052635298869143782
2015-01-01,2,99040,3762,0.03798465266558966
2015-01-01,3,99040,3031,0.030603796445880453
2015-01-01,4,99040,2643,0.026686187399030694
2015-01-01,5,99040,2475,0.024989903069466881
2015-01-01,6,99040,2293,0.023152261712439417
2015-01-01,7,99040,2012,0.020315024232633278
2015-01-01,8,99040,1864,0.018820678513731825
2015-01-01,9,99040,1863,0.018810581583198708
2015-01-01,10,99040,1686,0.017023424878836832
2015-01-01,11,99040,1607,0.016225767366720517
2015-01-01,12,99040,1730,0.017467689822294023
2015-02-01,0,96901,21398,0.22082331451687806
2015-02-01,1,96901,5875,0.060628889278748412
2015-02-01,2,96901,3855,0.039782871177800022
2015-02-01,3,96901,3032,0.031289666773304713
2015-02-01,4,96901,2501,0.025809847163599964
2015-02-01,5,96901,2387,0.024633388716318719
2015-02-01,6,96901,2105,0.021723202030938794
2015-02-01,7,96901,2013,0.020773779424360945
2015-02-01,8,96901,2018,0.020825378479066264
2015-02-01,9,96901,1884,0.019442523812963748
2015-02-01,10,96901,1665,0.017182485216870828
2015-02-01,11,96901,1771,0.018276385176623566
2015-02-01,12,96901,1714,0.01768815595298294
2015-03-01,0,110190,24740,0.22452128142299665
2015-03-01,1,110190,6238,0.056611307741174337
2015-03-01,2,110190,3913,0.035511389418277521
2015-03-01,3,110190,3178,0.028841092658135947
2015-03-01,4,110190,2794,0.025356202922225249
2015-03-01,5,110190,2402,0.021798711316816408
2015-03-01,6,110190,2303,0.020900263181776929
2015-03-01,7,110190,2354,0.021363100099827569
2015-03-01,8,110190,2178,0.0197658589708685
2015-03-01,9,110190,1944,0.017642254288047918
2015-03-01,10,110190,1924,0.017460749614302568
2015-03-01,11,110190,1947,0.01766947998910972
2015-03-01,12,110190,2055,0.018649605227334602
2015-04-01,0,110373,24482,0.22181149375300119
2015-04-01,1,110373,6003,0.054388301486776661
2015-04-01,2,110373,3819,0.034600853469598541
2015-04-01,3,110373,3064,0.027760412419704093
2015-04-01,4,110373,2570,0.023284680130104284
2015-04-01,5,110373,2315,0.020974332490735961
2015-04-01,6,110373,2283,0.020684406512462287
2015-04-01,7,110373,2111,0.0191260543792413
2015-04-01,8,110373,1975,0.017893868971578193
2015-04-01,9,110373,1915,0.017350257762315059
2015-04-01,10,110373,1972,0.017866688411115036
2015-04-01,11,110373,1995,0.01807507270799924
2015-04-01,12,110373,1961,0.017767026356083463
2015-05-01,0,101320,22920,0.22621397552309513
2015-05-01,1,101320,5504,0.05432293722858271
2015-05-01,2,101320,3621,0.03573825503355705
2015-05-01,3,101320,2800,0.02763521515988946
2015-05-01,4,101320,2376,0.023450454007106197
2015-05-01,5,101320,2275,0.022453612317410186
2015-05-01,6,101320,2132,0.021042242400315832
2015-05-01,7,101320,1930,0.019048559020923807
2015-05-01,8,101320,1968,0.019423608369522307
2015-05-01,9,101320,1923,0.018979470983024081
2015-05-01,10,101320,1993,0.019670351362021318
2015-05-01,11,101320,1873,0.018485984998026055
2015-05-01,12,101320,1836,0.018120805369127517
2015-06-01,0,102108,23173,0.22694597876757944
2015-06-01,1,102108,5925,0.058026795158067926
2015-06-01,2,102108,3538,0.03464958671210875
2015-06-01,3,102108,2731,0.026746190308301016
2015-06-01,4,102108,2565,0.02512046068868257
2015-06-01,5,102108,2115,0.020713362322247034
2015-06-01,6,102108,2041,0.019988639479766521
2015-06-01,7,102108,2082,0.020390175108708428
2015-06-01,8,102108,1948,0.019077839150703178
2015-06-01,9,102108,2001,0.01959689740275003
2015-06-01,10,102108,1886,0.018470638931327613
2015-06-01,11,102108,1736,0.017001606142515769
2015-06-01,12,102108,1765,0.017285619148352725
2015-07-01,0,106496,23747,0.22298490084134615
2015-07-01,1,106496,5756,0.054048978365384616
2015-07-01,2,106496,3446,0.032358022836538464
2015-07-01,3,106496,2848,0.02674278846153846
2015-07-01,4,106496,2372,0.022273137019230768
2015-07-01,5,106496,2243,0.021061823918269232
2015-07-01,6,106496,2113,0.019841120793269232
2015-07-01,7,106496,2156,0.020244891826923076
2015-07-01,8,106496,2073,0.019465519831730768
2015-07-01,9,106496,1977,0.01856407752403846
2015-07-01,10,106496,1798,0.016883263221153848
2015-07-01,11,106496,1814,0.017033503605769232
2015-07-01,12,106496,1727,0.016216571514423076
2015-08-01,0,100769,21163,0.2100149847671407
2015-08-01,1,100769,5060,0.050213855451577367
2015-08-01,2,100769,3268,0.0324306086197144
2015-08-01,3,100769,2508,0.024888606615129653
2015-08-01,4,100769,2269,0.022516845458424715
2015-08-01,5,100769,2197,0.02180234000535879
2015-08-01,6,100769,2086,0.020700810765215492
2015-08-01,7,100769,2096,0.020800047633696871
2015-08-01,8,100769,1924,0.019093173495817167
2015-08-01,9,100769,1880,0.0186565312744991
2015-08-01,10,100769,1757,0.017435917792178152
2015-08-01,11,100769,1618,0.016056525320286993
2015-08-01,12,100769,1637,0.016245075370401613
2015-09-01,0,103532,20956,0.2024108488196886
2015-09-01,1,103532,5427,0.05241857589923888
2015-09-01,2,103532,3404,0.032878723486458296
2015-09-01,3,103532,2667,0.025760151450759185
2015-09-01,4,103532,2366,0.022852837769964843
2015-09-01,5,103532,2329,0.022495460340764207
2015-09-01,6,103532,2277,0.021993200169995751
2015-09-01,7,103532,2170,0.020959703280145268
2015-09-01,8,103532,1931,0.018651238264497935
2015-09-01,9,103532,1810,0.017482517482517484
2015-09-01,10,103532,1637,0.015811536529768574
2015-09-01,11,103532,1657,0.016004713518525674
2015-09-01,12,103532,1602,0.01547347679944365
2015-10-01,0,110087,23384,0.21241381816199914
2015-10-01,1,110087,5945,0.054002743284856519
2015-10-01,2,110087,3743,0.034000381516437
2015-10-01,3,110087,2919,0.026515392371488006
2015-10-01,4,110087,2819,0.025607019902440797
2015-10-01,5,110087,2688,0.024417051967988955
2015-10-01,6,110087,2476,0.022491302333608874
2015-10-01,7,110087,2214,0.020111366464705186
2015-10-01,8,110087,2018,0.01833095642537266
2015-10-01,9,110087,1822,0.016550546386040133
2015-10-01,10,110087,1789,0.016250783471254554
2015-10-01,11,110087,1786,0.016223532297183138
2015-10-01,12,110087,1750,0.015896518208326143
2015-11-01,0,106505,22047,0.20700436599220695
2015-11-01,1,106505,5430,0.050983521900380267
2015-11-01,2,106505,3496,0.032824750011736535
2015-11-01,3,106505,2994,0.028111356274353318
2015-11-01,4,106505,2964,0.027829679357776631
2015-11-01,5,106505,2512,0.023585747148021221
2015-11-01,6,106505,2379,0.022336979484531241
2015-11-01,7,106505,2033,0.019088305713346791
2015-11-01,8,106505,1772,0.01663771653912962
2015-11-01,9,106505,1767,0.016590770386366836
2015-11-01,10,106505,1697,0.015933524247687902
2015-11-01,11,106505,1699,0.015952302708793015
2015-11-01,12,106505,1656,0.015548565795033097
2015-12-01,0,105398,20947,0.198741911611226
2015-12-01,1,105398,4987,0.047315888347027456
2015-12-01,2,105398,3466,0.032884874475796508
2015-12-01,3,105398,3098,0.029393347122336287
2015-12-01,4,105398,2687,0.0254938423879011
2015-12-01,5,105398,2403,0.022799294104252452
2015-12-01,6,105398,2167,0.020560162431924704
2015-12-01,7,105398,1912,0.018140761684282435
2015-12-01,8,105398,1935,0.018358982143873697
2015-12-01,9,105398,1696,0.016091386933338392
2015-12-01,10,105398,1676,0.015901630011954687
2015-12-01,11,105398,1573,0.014924381866828592
2015-12-01,12,105398,1594,0.015123626634281486
2016-01-01,0,124702,22203,0.17804846754663117
2016-01-01,1,124702,5760,0.046190117239498965
2016-01-01,2,124702,3942,0.031611361485782107
2016-01-01,3,124702,3288,0.02636685859088066
2016-01-01,4,124702,2790,0.022373338037882311
2016-01-01,5,124702,2368,0.018989270420682908
2016-01-01,6,124702,2226,0.017850555724848036
2016-01-01,7,124702,2178,0.017465638081185546
2016-01-01,8,124702,1932,0.015492935157415278
2016-01-01,9,124702,1910,0.015316514570736637
2016-01-01,10,124702,1816,0.014562717518564257
2016-01-01,11,124702,1677,0.013448060175458293
2016-01-01,12,124702,1729,0.013865054289425992
2016-02-01,0,123904,22609,0.18247191373966942
2016-02-01,1,123904,6145,0.049594847623966945
2016-02-01,2,123904,3999,0.032274987086776862
2016-02-01,3,123904,3051,0.024623902376033058
2016-02-01,4,123904,2499,0.020168840392561983
2016-02-01,5,123904,2304,0.01859504132231405
2016-02-01,6,123904,2092,0.016884039256198347
2016-02-01,7,123904,2052,0.01656120867768595
2016-02-01,8,123904,1962,0.015834839876033058
2016-02-01,9,123904,1908,0.015399018595041322
2016-02-01,10,123904,1666,0.013445893595041322
2016-02-01,11,123904,1712,0.013817148760330579
2016-02-01,12,123904,1727,0.013938210227272728
2016-03-01,0,136501,24166,0.177038996051311
2016-03-01,1,136501,6381,0.046746910279045574
2016-03-01,2,136501,3930,0.028790997868147487
2016-03-01,3,136501,2994,0.021933905246115413
2016-03-01,4,136501,2571,0.01883502684962015
2016-03-01,5,136501,2447,0.01792660859627402
2016-03-01,6,136501,2123,0.015552999611724455
2016-03-01,7,136501,2135,0.015640911055596663
2016-03-01,8,136501,2011,0.014732492802250533
2016-03-01,9,136501,1834,0.013435799005135493
2016-03-01,10,136501,1817,0.013311257792983202
2016-03-01,11,136501,1797,0.013164738719862857
2016-03-01,12,136501,2062,0.015106116438707408
2016-04-01,0,128394,23649,0.18419085003972149
2016-04-01,1,128394,5747,0.044760658597753786
2016-04-01,2,128394,3502,0.027275417854416874
2016-04-01,3,128394,2661,0.020725267535866163
2016-04-01,4,128394,2486,0.019362275495739677
2016-04-01,5,128394,2257,0.017578703054659875
2016-04-01,6,128394,2194,0.017088025920214342
2016-04-01,7,128394,2046,0.015935324080564511
2016-04-01,8,128394,1875,0.014603486144212346
2016-04-01,9,128394,1824,0.014206271321089771
2016-04-01,10,128394,1829,0.01424521395080767
2016-04-01,11,128394,2012,0.015670514198482796
2016-04-01,12,128394,1816,0.01414396311354113
2016-05-01,0,125105,22232,0.17770672634986612
2016-05-01,1,125105,5275,0.042164581751328881
2016-05-01,2,125105,3220,0.025738379761000758
2016-05-01,3,125105,2670,0.021342072658966468
2016-05-01,4,125105,2315,0.018504456256744333
2016-05-01,5,125105,2209,0.017657167978897725
2016-05-01,6,125105,1990,0.01590663842372407
2016-05-01,7,125105,1863,0.014891491147436153
2016-05-01,8,125105,1781,0.014236041724951042
2016-05-01,9,125105,1722,0.013764437872187363
2016-05-01,10,125105,1915,0.015307142000719396
2016-05-01,11,125105,1685,0.013468686303505055
2016-05-01,12,125105,1764,0.014100155869069981
2016-06-01,0,122436,21899,0.17886079257734652
2016-06-01,1,122436,5456,0.044562056911365937
2016-06-01,2,122436,3411,0.027859453102028815
2016-06-01,3,122436,2563,0.020933385605540852
2016-06-01,4,122436,2294,0.018736319383187951
2016-06-01,5,122436,2173,0.0177480479597504
2016-06-01,6,122436,1959,0.016000196020778203
2016-06-01,7,122436,2004,0.016367734979907872
2016-06-01,8,122436,1911,0.015608154464373223
2016-06-01,9,122436,2000,0.016335064850207456
2016-06-01,10,122436,1695,0.013843967460550818
2016-06-01,11,122436,1759,0.014366689535757458
2016-06-01,12,122436,1690,0.013803129798425299
2016-07-01,0,120423,20874,0.17333898009516455
2016-07-01,1,120423,5349,0.044418425051692779
2016-07-01,2,120423,3109,0.025817327254760304
2016-07-01,3,120423,2505,0.020801674098801723
2016-07-01,4,120423,2233,0.018542969366317066
2016-07-01,5,120423,1917,0.015918885927106947
2016-07-01,6,120423,1947,0.016168007772601578
2016-07-01,7,120423,1889,0.015686372204645291
2016-07-01,8,120423,1952,0.016209528080184017
2016-07-01,9,120423,1730,0.014366026423523746
2016-07-01,10,120423,1695,0.014075384270446675
2016-07-01,11,120423,1695,0.014075384270446675
2016-07-01,12,120423,1630,0.013535620271874974
2016-08-01,0,113606,20005,0.17609105152896853
2016-08-01,1,113606,4597,0.040464412090910694
2016-08-01,2,113606,3006,0.026459870077284651
2016-08-01,3,113606,2521,0.022190729362885762
2016-08-01,4,113606,2007,0.017666320440821788
2016-08-01,5,113606,2096,0.018449729767793955
2016-08-01,6,113606,1888,0.016618840554196081
2016-08-01,7,113606,1999,0.017595901624914177
2016-08-01,8,113606,1721,0.015148847772124711
2016-08-01,9,113606,1687,0.014849567804517367
2016-08-01,10,113606,1524,0.013414784430399803
2016-08-01,11,113606,1552,0.01366125028607644
2016-08-01,12,113606,1478,0.013009876238931042
2016-09-01,0,120835,19689,0.16294120081102328
2016-09-01,1,120835,4919,0.040708404022013492
2016-09-01,2,120835,3267,0.0270368684569868
2016-09-01,3,120835,2481,0.02053213059130219
2016-09-01,4,120835,2255,0.018661811561219845
2016-09-01,5,120835,2182,0.018057681963007405
2016-09-01,6,120835,2223,0.018396987627756857
2016-09-01,7,120835,1911,0.015814954276492738
2016-09-01,8,120835,1859,0.015384615384615385
2016-09-01,9,120835,1687,0.013961186742251832
2016-09-01,10,120835,1597,0.013216369429387181
2016-09-01,11,120835,1491,0.012339140149791037
2016-09-01,12,120835,1463,0.012107419208010924
2016-10-01,0,146644,21251,0.14491557786203321
2016-10-01,1,146644,5231,0.03567142194702818
2016-10-01,2,146644,3217,0.021937481247101823
2016-10-01,3,146644,2729,0.018609694225471211
2016-10-01,4,146644,2500,0.017048089250156842
2016-10-01,5,146644,2622,0.017880036005564495
2016-10-01,6,146644,2197,0.014981860833037833
2016-10-01,7,146644,2129,0.014518152805433567
2016-10-01,8,146644,1949,0.013290690379422274
2016-10-01,9,146644,1787,0.012185974196012112
2016-10-01,10,146644,1717,0.01170862769700772
2016-10-01,11,146644,1622,0.01106080030550176
2016-10-01,12,146644,1588,0.010828946291699627
2016-11-01,0,131579,21016,0.15972153611138556
2016-11-01,1,131579,4899,0.037232385107045955
2016-11-01,2,131579,3253,0.024722790110883956
2016-11-01,3,131579,2754,0.02093039162784335
2016-11-01,4,131579,2737,0.020801191679523327
2016-11-01,5,131579,2282,0.017343193062722775
2016-11-01,6,131579,2108,0.016020793591682563
2016-11-01,7,131579,1921,0.014599594160162335
2016-11-01,8,131579,1780,0.013527994588802165
2016-11-01,9,131579,1567,0.011909195236321906
2016-11-01,10,131579,1481,0.0112555954977618
2016-11-01,11,131579,1661,0.01262359495056202
2016-11-01,12,131579,1565,0.011893995242401903
2016-12-01,0,121796,19278,0.1582810601333377
2016-12-01,1,121796,4530,0.037193339682748204
2016-12-01,2,121796,2930,0.024056619265000492
2016-12-01,3,121796,2724,0.022365266511215474
2016-12-01,4,121796,2187,0.0179562547210089
2016-12-01,5,121796,2078,0.017061315642549837
2016-12-01,6,121796,1789,0.014688495517094157
2016-12-01,7,121796,1703,0.013982396794640218
2016-12-01,8,121796,1596,0.013103878616703341
2016-12-01,9,121796,1380,0.011330421360307399
2016-12-01,10,121796,1420,0.011658839370751092
2016-12-01,11,121796,1443,0.011847679726756216
2016-12-01,12,121796,1274,0.010460113632631614
2017-01-01,0,130604,20615,0.15784355762457505
2017-01-01,1,130604,4932,0.037763008789929865
2017-01-01,2,130604,3580,0.027411105326023706
2017-01-01,3,130604,2657,0.020343940461241616
2017-01-01,4,130604,2443,0.018705399528345226
2017-01-01,5,130604,2198,0.0168294998621788
2017-01-01,6,130604,2019,0.015458944595877615
2017-01-01,7,130604,1843,0.014111359529570305
2017-01-01,8,130604,1700,0.013016446663195614
2017-01-01,9,130604,1670,0.012786744663256869
2017-01-01,10,130604,1694,0.012970506263207865
2017-01-01,11,130604,1380,0.010566291997182321
2017-01-01,12,130604,1495,0.01144681633028085
2017-02-01,0,136166,20944,0.1538122585667494
2017-02-01,1,136166,5776,0.04241881233200652
2017-02-01,2,136166,3493,0.025652512374601588
2017-02-01,3,136166,2794,0.020519072308799555
2017-02-01,4,136166,2307,0.016942555410308008
2017-02-01,5,136166,2150,0.015789550989233729
2017-02-01,6,136166,1967,0.01444560316084779
2017-02-01,7,136166,1723,0.012653672722999868
2017-02-01,8,136166,1751,0.012859304084720122
2017-02-01,9,136166,1687,0.012389289543645257
2017-02-01,10,136166,1407,0.010332975926442724
2017-02-01,11,136166,1442,0.01059001512859304
2017-02-01,12,136166,1375,0.010097968655905292
2017-03-01,0,156709,24969,0.15933354178764461
2017-03-01,1,156709,6100,0.038925652004671081
2017-03-01,2,156709,3967,0.02531443631189019
2017-03-01,3,156709,2991,0.019086331991142819
2017-03-01,4,156709,2485,0.015857417251083219
2017-03-01,5,156709,2366,0.015098047974270782
2017-03-01,6,156709,2080,0.013273009208150138
2017-03-01,7,156709,2134,0.013617596947207882
2017-03-01,8,156709,2020,0.012890133942530423
2017-03-01,9,156709,1667,0.010637551129801096
2017-03-01,10,156709,1688,0.010771557472767996
2017-03-01,11,156709,1615,0.010305725899597343
2017-03-01,12,156709,1721,0.01098213886885884
2017-04-01,0,141136,22458,0.15912311529305068
2017-04-01,1,141136,5506,0.039012016778143067
2017-04-01,2,141136,3241,0.02296366625099195
2017-04-01,3,141136,2611,0.018499886634168461
2017-04-01,4,141136,2332,0.016523069946718059
2017-04-01,5,141136,1927,0.013653497335902959
2017-04-01,6,141136,1988,0.01408570456864301
2017-04-01,7,141136,1944,0.013773948531912482
2017-04-01,8,141136,1606,0.011379095340664324
2017-04-01,9,141136,1561,0.011060253939462646
2017-04-01,10,141136,1497,0.010606790613309148
2017-04-01,11,141136,1620,0.011478290443260401
2017-04-01,12,141136,1549,0.010975229565808865
2017-05-01,0,145209,22478,0.15479756764387884
2017-05-01,1,145209,5378,0.037036271856427633
2017-05-01,2,145209,3357,0.023118401751957524
2017-05-01,3,145209,2631,0.018118711650104334
2017-05-01,4,145209,2136,0.014709832035204429
2017-05-01,5,145209,2024,0.013938529980924047
2017-05-01,6,145209,1963,0.013518445826360624
2017-05-01,7,145209,1561,0.010750022381532826
2017-05-01,8,145209,1651,0.011369818675150989
2017-05-01,9,145209,1527,0.010515877115054853
2017-05-01,10,145209,1590,0.010949734520587567
2017-05-01,11,145209,1510,0.010398804481815866
2017-05-01,12,145209,1544,0.010632949748293839
2017-06-01,0,140482,21487,0.15295197961304652
2017-06-01,1,140482,5339,0.038004868951182359
2017-06-01,2,140482,3180,0.022636351988155067
2017-06-01,3,140482,2318,0.016500334562435045
2017-06-01,4,140482,2119,0.015083782975754901
2017-06-01,5,140482,2023,0.014400421406301163
2017-06-01,6,140482,1695,0.012065602710667559
2017-06-01,7,140482,1734,0.012343218348258141
2017-06-01,8,140482,1595,0.011353767742486582
2017-06-01,9,140482,1656,0.011787987073076978
2017-06-01,10,140482,1438,0.010236186842442449
2017-06-01,11,140482,1581,0.011254110846941246
2017-06-01,12,140482,1450,0.010321607038624165
2017-07-01,0,150505,21365,0.14195541676356266
2017-07-01,1,150505,5331,0.035420750141191323
2017-07-01,2,150505,3012,0.020012624165310123
2017-07-01,3,150505,2492,0.01655758944885552
2017-07-01,4,150505,2239,0.014876582173349723
2017-07-01,5,150505,1780,0.011826849606325371
2017-07-01,6,150505,1912,0.012703896880502309
2017-07-01,7,150505,1677,0.011142486960566094
2017-07-01,8,150505,1796,0.011933158366831667
2017-07-01,9,150505,1688,0.011215574233414172
2017-07-01,10,150505,1569,0.0104249028271486
2017-07-01,11,150505,1528,0.010152486628351217
2017-07-01,12,150505,1557,0.010345171256768879
2017-08-01,0,144623,20211,0.13974955574147957
2017-08-01,1,144623,4543,0.031412707522316646
2017-08-01,2,144623,2916,0.020162768024449777
2017-08-01,3,144623,2399,0.016587956272515438
2017-08-01,4,144623,2026,0.014008836768702074
2017-08-01,5,144623,1954,0.013510990644641585
2017-08-01,6,144623,1738,0.01201745227246012
2017-08-01,7,144623,1802,0.012459982160513888
2017-08-01,8,144623,1618,0.011187708732359306
2017-08-01,9,144623,1572,0.010869640375320662
2017-08-01,10,144623,1459,0.010088298541725728
2017-08-01,11,144623,1505,0.010406366898764374
2017-08-01,12,144623,1402,0.0096941703601778409
2017-09-01,0,151915,18921,0.12454991278017312
2017-09-01,1,151915,4854,0.031952078464931047
2017-09-01,2,151915,3163,0.020820853766909127
2017-09-01,3,151915,2278,0.014995227594378435
2017-09-01,4,151915,2023,0.013316657341276371
2017-09-01,5,151915,1869,0.012302932560971596
2017-09-01,6,151915,1908,0.012559655070269559
2017-09-01,7,151915,1688,0.011111476812691307
2017-09-01,8,151915,1642,0.010808675904288582
2017-09-01,9,151915,1496,0.0098476121515321067
2017-09-01,10,151915,1388,0.0091366882796300557
2017-09-01,11,151915,1396,0.0091893493071783568
2017-09-01,12,151915,1281,0.008432347036171543
2017-10-01,0,158457,20593,0.12995954738509502
2017-10-01,1,158457,5065,0.031964507721337652
2017-10-01,2,158457,2951,0.018623348921158422
2017-10-01,3,158457,2484,0.015676177133228573
2017-10-01,4,158457,2257,0.014243611831601001
2017-10-01,5,158457,2289,0.014445559363107973
2017-10-01,6,158457,1965,0.012400840606599899
2017-10-01,7,158457,1782,0.01124595316079441
2017-10-01,8,158457,1576,0.00994591592671829
2017-10-01,9,158457,1561,0.0098512530213243979
2017-10-01,10,158457,1484,0.00936531677363575
2017-10-01,11,158457,1306,0.0082419836296282276
2017-10-01,12,158457,1403,0.0088541370845087314
2017-11-01,0,152231,20753,0.13632571552443326
2017-11-01,1,152231,4544,0.029849373649256723
2017-11-01,2,152231,2957,0.01942442735053964
2017-11-01,3,152231,2467,0.016205634857552009
2017-11-01,4,152231,2347,0.01541735914498361
2017-11-01,5,152231,2068,0.013584618113262082
2017-11-01,6,152231,1985,0.013039394078735606
2017-11-01,7,152231,1623,0.010661429012487601
2017-11-01,8,152231,1630,0.010707411762387424
2017-11-01,9,152231,1590,0.010444653191531291
2017-11-01,10,152231,1338,0.0087892741951376523
2017-11-01,11,152231,1419,0.0093213603011213213
2017-11-01,12,152231,1402,0.0092096879085074648
2017-12-01,0,119139,17160,0.14403343993150858
2017-12-01,1,119139,3685,0.030930257934009855
2017-12-01,2,119139,2376,0.019943091682824265
2017-12-01,3,119139,2172,0.018230806033288846
2017-12-01,4,119139,1889,0.015855429372413736
2017-12-01,5,119139,1723,0.014462098892889817
2017-12-01,6,119139,1542,0.012942865056782413
2017-12-01,7,119139,1395,0.011709012162264247
2017-12-01,8,119139,1274,0.010693391752490788
2017-12-01,9,119139,1111,0.0093252419442835677
2017-12-01,10,119139,1129,0.0094763259721837509
2017-12-01,11,119139,1159,0.0097281326853507245
2017-12-01,12,119139,1032,0.0086621509329438719
2018-01-01,0,133671,18716,0.14001541097171413
2018-01-01,1,133671,4389,0.032834347016181521
2018-01-01,2,133671,3122,0.02335585130656612
2018-01-01,3,133671,2335,0.017468261627428538
2018-01-01,4,133671,2086,0.015605479124118171
2018-01-01,5,133671,1773,0.013263909150077429
2018-01-01,6,133671,1702,0.012732754299735919
2018-01-01,7,133671,1524,0.011401126646767063
2018-01-01,8,133671,1345,0.010062017939568044
2018-01-01,9,133671,1496,0.011191657128322523
2018-01-01,10,133671,1362,0.0101891958614808
2018-01-01,11,133671,1180,0.0088276439915912948
2018-01-01,12,133671,1236,0.0092465830284803735
2018-02-01,0,125209,18037,0.14405513980624396
2018-02-01,1,125209,4643,0.037081998897842805
2018-02-01,2,125209,2958,0.023624499836273752
2018-02-01,3,125209,2289,0.01828143344328283
2018-02-01,4,125209,1787,0.014272136986957807
2018-02-01,5,125209,1762,0.014072470828774289
2018-02-01,6,125209,1553,0.012403261746360085
2018-02-01,7,125209,1447,0.011556677235661974
2018-02-01,8,125209,1521,0.012147689063885183
2018-02-01,9,125209,1346,0.010750025956600564
2018-02-01,10,125209,1144,0.009136723398477745
2018-02-01,11,125209,1231,0.0098315616289563843
2018-02-01,12,125209,1149,0.0091766566301144485
2018-03-01,0,148489,21288,0.14336415492056651
2018-03-01,1,148489,4989,0.033598448369912923
2018-03-01,2,148489,3246,0.021860205133040159
2018-03-01,3,148489,2332,0.015704867027187198
2018-03-01,4,148489,2135,0.014378169426691539
2018-03-01,5,148489,1953,0.013152489409989965
2018-03-01,6,148489,1744,0.011744977742459037
2018-03-01,7,148489,1809,0.012182720605566742
2018-03-01,8,148489,1636,0.01101765113914162
2018-03-01,9,148489,1370,0.0092262726531931651
2018-03-01,10,148489,1426,0.00960340496602442
2018-03-01,11,148489,1411,0.0095023873822303335
2018-03-01,12,148489,1477,0.00994686475092431
2018-04-01,0,137624,20052,0.14570133116316922
2018-04-01,1,137624,4673,0.033954833459280361
2018-04-01,2,137624,2703,0.019640469685519968
2018-04-01,3,137624,2272,0.016508748474103354
2018-04-01,4,137624,1937,0.014074580015113643
2018-04-01,5,137624,1713,0.012446956926117537
2018-04-01,6,137624,1745,0.012679474510259839
2018-04-01,7,137624,1566,0.011378829273963843
2018-04-01,8,137624,1341,0.0097439400104632912
2018-04-01,9,137624,1434,0.010419694239376854
2018-04-01,10,137624,1278,0.0092861710166831368
2018-04-01,11,137624,1459,0.010601348601988025
2018-04-01,12,137624,1331,0.0096712782654188225
2018-05-01,0,150492,20100,0.13356191691252692
2018-05-01,1,150492,4454,0.029596257608377852
2018-05-01,2,150492,2843,0.018891369640911145
2018-05-01,3,150492,2251,0.014957605719905377
2018-05-01,4,150492,1864,0.01238604045397762
2018-05-01,5,150492,1816,0.01206708662254472
2018-05-01,6,150492,1645,0.010930813598065013
2018-05-01,7,150492,1413,0.0093892034128059965
2018-05-01,8,150492,1404,0.0093293995694123284
2018-05-01,9,150492,1276,0.0084788560189245944
2018-05-01,10,150492,1372,0.0091167636817903949
2018-05-01,11,150492,1299,0.0086316880631528582
2018-05-01,12,150492,1288,0.0085585944767828191
2018-06-01,0,133991,18563,0.13853915561492935
2018-06-01,1,133991,4452,0.03322611220156578
2018-06-01,2,133991,2638,0.019687889485114671
2018-06-01,3,133991,1997,0.014903986088617892
2018-06-01,4,133991,1899,0.014172593681665187
2018-06-01,5,133991,1635,0.012202312095588509
2018-06-01,6,133991,1380,0.010299199199946265
2018-06-01,7,133991,1411,0.010530558022553753
2018-06-01,8,133991,1332,0.00994096618429596
2018-06-01,9,133991,1424,0.010627579464292379
2018-06-01,10,133991,1262,0.009418543036472599
2018-06-01,11,133991,1240,0.0092543529042995419
2018-06-01,12,133991,1160,0.0086572978782157011
2018-07-01,0,142398,19640,0.13792328543940224
2018-07-01,1,142398,4541,0.031889492829955478
2018-07-01,2,142398,2504,0.017584516636469615
2018-07-01,3,142398,2254,0.015828874001039342
2018-07-01,4,142398,1897,0.013321816317644911
2018-07-01,5,142398,1556,0.010927119762918018
2018-07-01,6,142398,1577,0.011074593744294162
2018-07-01,7,142398,1538,0.010800713493167038
2018-07-01,8,142398,1537,0.010793690922625318
2018-07-01,9,142398,1426,0.010014185592494276
2018-07-01,10,142398,1321,0.0092768156856135615
2018-07-01,11,142398,1170,0.0082164075338136775
2018-07-01,12,142398,1326,0.0093119285383221669
2018-08-01,0,135698,18671,0.13759230054975019
2018-08-01,1,135698,3879,0.028585535527421185
2018-08-01,2,135698,2599,0.019152824654748043
2018-08-01,3,135698,2125,0.01565977390971127
2018-08-01,4,135698,1671,0.012314109272060015
2018-08-01,5,135698,1699,0.01252044982239974
2018-08-01,6,135698,1520,0.011201344161299356
2018-08-01,7,135698,1562,0.011510854986808943
2018-08-01,8,135698,1417,0.01044230570826394
2018-08-01,9,135698,1365,0.010059101829061593
2018-08-01,10,135698,1178,0.0086810417250070011
2018-08-01,11,135698,1215,0.0089537060236702087
2018-08-01,12,135698,1097,0.008084127990095653
2018-09-01,0,133251,17082,0.12819415989373439
2018-09-01,1,133251,4318,0.032405010093732881
2018-09-01,2,133251,2566,0.019256891130272943
2018-09-01,3,133251,2038,0.015294444319367209
2018-09-01,4,133251,1848,0.01386856383817007
2018-09-01,5,133251,1656,0.012427674088749802
2018-09-01,6,133251,1667,0.012510225063977006
2018-09-01,7,133251,1478,0.011091849216891431
2018-09-01,8,133251,1385,0.010393918244515989
2018-09-01,9,133251,1126,0.00845021800962094
2018-09-01,10,133251,1219,0.0091481489819963836
2018-09-01,11,133251,1069,0.0080224538652617985
2018-09-01,12,133251,1064,0.00798493069470398
2018-10-01,0,146197,19711,0.13482492800809867
2018-10-01,1,146197,4565,0.031224990936886531
2018-10-01,2,146197,2700,0.018468231222254904
2018-10-01,3,146197,2304,0.015759557309657515
2018-10-01,4,146197,2077,0.014206857869860531
2018-10-01,5,146197,2087,0.014275258726239252
2018-10-01,6,146197,1835,0.012551557145495461
2018-10-01,7,146197,1694,0.011587105070555484
2018-10-01,8,146197,1407,0.0096240004924861653
2018-10-01,9,146197,1420,0.0097129216057785048
2018-10-01,10,146197,1267,0.00866638850318406
2018-10-01,11,146197,1211,0.0082833437074632168
2018-10-01,12,146197,1316,0.0090015526994397972
2018-11-01,0,138067,18758,0.13586157445298297
2018-11-01,1,138067,3893,0.02819645534414451
2018-11-01,2,138067,2641,0.019128394185431712
2018-11-01,3,138067,2098,0.015195521015159306
2018-11-01,4,138067,2081,0.015072392389202344
2018-11-01,5,138067,1852,0.013413777368958549
2018-11-01,6,138067,1634,0.01183483381256926
2018-11-01,7,138067,1354,0.009806832914454576
2018-11-01,8,138067,1404,0.010168975931975056
2018-11-01,9,138067,1138,0.0082423750787661062
2018-11-01,10,138067,1183,0.0085683037945345382
2018-11-01,11,138067,1292,0.0093577755727291823
2018-11-01,12,138067,1185,0.0085827895152353565
2018-12-01,0,120042,16055,0.13374485596707819
2018-12-01,1,120042,3494,0.029106479398877061
2018-12-01,2,120042,2115,0.017618833408307093
2018-12-01,3,120042,1993,0.016602522450475665
2018-12-01,4,120042,1780,0.014828143483114243
2018-12-01,5,120042,1572,0.013095416604188535
2018-12-01,6,120042,1265,0.010537978374235684
2018-12-01,7,120042,1323,0.011021142600089968
2018-12-01,8,120042,1125,0.0093717198980356881
2018-12-01,9,120042,1124,0.0093633894803485454
2018-12-01,10,120042,1093,0.0091051465320471162
2018-12-01,11,120042,1167,0.0097215974408956865
2018-12-01,12,120042,978,0.0081471484980256918
2019-01-01,0,142012,18899,0.13308030307297974
2019-01-01,1,142012,4250,0.02992704841844351
2019-01-01,2,142012,2898,0.020406726192152776
2019-01-01,3,142012,2403,0.016921105258710531
2019-01-01,4,142012,2015,0.014188941779567924
2019-01-01,5,142012,1610,0.011337070106751543
2019-01-01,6,142012,1656,0.011660986395515872
2019-01-01,7,142012,1383,0.0097386136382840889
2019-01-01,8,142012,1354,0.0095344055431935328
2019-01-01,9,142012,1412,0.009942821733374645
2019-01-01,10,142012,1269,0.0089358645748246635
2019-01-01,11,142012,1186,0.00835140692335859
2019-01-01,12,142012,1253,0.0088231980396022876
2019-02-01,0,131831,18434,0.13983054061639524
2019-02-01,1,131831,4533,0.034384932223832029
2019-02-01,2,131831,2907,0.022050959182589831
2019-02-01,3,131831,2112,0.016020511108919753
2019-02-01,4,131831,1658,0.012576708058044011
2019-02-01,5,131831,1698,0.012880126829046278
2019-02-01,6,131831,1418,0.010756195432030402
2019-02-01,7,131831,1384,0.010498289476678475
2019-02-01,8,131831,1438,0.010907904817531537
2019-02-01,9,131831,1321,0.010020404912349902
2019-02-01,10,131831,1151,0.0087308751355902638
2019-02-01,11,131831,1128,0.00855640934226396
2019-02-01,12,131831,1167,0.0088522426439911709
2019-03-01,0,147815,20828,0.14090586205730135
2019-03-01,1,147815,4758,0.03218888475459189
2019-03-01,2,147815,2980,0.020160335554578357
2019-03-01,3,147815,2111,0.014281365220038561
2019-03-01,4,147815,1989,0.013456009200690051
2019-03-01,5,147815,1609,0.010885228156817644
2019-03-01,6,147815,1615,0.010925819436457734
2019-03-01,7,147815,1577,0.010668741332070493
2019-03-01,8,147815,1503,0.010168115549842708
2019-03-01,9,147815,1285,0.0086932990562527488
2019-03-01,10,147815,1345,0.0090992118526536554
2019-03-01,11,147815,1338,0.0090518553597402161
2019-03-01,12,147815,1392,0.0094171768765010325
2019-04-01,0,144027,20524,0.1425010588292473
2019-04-01,1,144027,4238,0.029425038360862892
2019-04-01,2,144027,2400,0.016663542252494324
2019-04-01,3,144027,2068,0.014358418907565942
2019-04-01,4,144027,1657,0.01150478729682629
2019-04-01,5,144027,1552,0.010775757323279662
2019-04-01,6,144027,1583,0.010990994744041048
2019-04-01,7,144027,1480,0.010275851055704834
2019-04-01,8,144027,1276,0.0088594499642428159
2019-04-01,9,144027,1287,0.0089358245329000819
2019-04-01,10,144027,1271,0.008824734251216786
2019-04-01,11,144027,1360,0.0094426739430801161
2019-04-01,12,144027,1432,0.0099425802106549461
2019-05-01,0,146987,19963,0.13581473191506732
2019-05-01,1,146987,3916,0.02664181186091287
2019-05-01,2,146987,2643,0.017981182009293339
2019-05-01,3,146987,1960,0.013334512575942091
2019-05-01,4,146987,1681,0.011436385530693191
2019-05-01,5,146987,1750,0.011905814799948294
2019-05-01,6,146987,1494,0.010164164177784429
2019-05-01,7,146987,1367,0.0093001421894453248
2019-05-01,8,146987,1388,0.0094430119670447041
2019-05-01,9,146987,1230,0.0083680869736779441
2019-05-01,10,146987,1384,0.0094157986760733947
2019-05-01,11,146987,1513,0.010293427309898155
2019-05-01,12,146987,1476,0.010041704368413533
2019-06-01,0,133126,17308,0.13001216892267475
2019-06-01,1,133126,3830,0.028769736940943168
2019-06-01,2,133126,2223,0.016698466114808526
2019-06-01,3,133126,1712,0.012859997295794961
2019-06-01,4,133126,1676,0.012589576791911422
2019-06-01,5,133126,1476,0.011087240659225095
2019-06-01,6,133126,1240,0.00931448402265523
2019-06-01,7,133126,1346,0.010110722172978983
2019-06-01,8,133126,1269,0.0095323227618947463
2019-06-01,9,133126,1293,0.0097126030978171053
2019-06-01,10,133126,1360,0.010215885702267025
2019-06-01,11,133126,1482,0.011132310743205686
2019-06-01,12,133126,1453,0.010914472003966167
2019-07-01,0,140995,19647,0.13934536685698073
2019-07-01,1,140995,4080,0.028937196354480655
2019-07-01,2,140995,2436,0.017277208411645803
2019-07-01,3,140995,2168,0.015376431788361289
2019-07-01,4,140995,1811,0.012844427107344233
2019-07-01,5,140995,1549,0.010986205184581014
2019-07-01,6,140995,1597,0.011326642788751375
2019-07-01,7,140995,1526,0.010823078832582716
2019-07-01,8,140995,1494,0.010596120429802475
2019-07-01,9,140995,1546,0.010964927834320366
2019-07-01,10,140995,1545,0.010957835384233483
2019-07-01,11,140995,1627,0.01153941629135785
2019-07-01,12,140995,1624,0.011518138941097203
2019-08-01,0,135079,16558,0.12258011978175734
2019-08-01,1,135079,3396,0.025140843506392556
2019-08-01,2,135079,2334,0.017278777604216793
2019-08-01,3,135079,1941,0.014369369035897512
2019-08-01,4,135079,1595,0.011807905003738553
2019-08-01,5,135079,1530,0.011326705113304067
2019-08-01,6,135079,1481,0.010963954426668839
2019-08-01,7,135079,1447,0.010712249868595414
2019-08-01,8,135079,1432,0.010601203740033611
2019-08-01,9,135079,1527,0.011304495887591706
2019-08-01,10,135079,1533,0.011348914339016428
2019-08-01,11,135079,1476,0.01092693905048157
2019-08-01,12,135079,1279,0.0094685332287032034
2019-09-01,0,137253,17431,0.12699904555820274
2019-09-01,1,137253,4179,0.0304474219142751
2019-09-01,2,137253,2545,0.018542399801825826
2019-09-01,3,137253,1871,0.013631760325821658
2019-09-01,4,137253,1751,0.01275746249626602
2019-09-01,5,137253,1648,0.01200702352589743
2019-09-01,6,137253,1673,0.012189168907054855
2019-09-01,7,137253,1660,0.012094453308852993
2019-09-01,8,137253,1666,0.012138168200330776
2019-09-01,9,137253,1632,0.011890450481956678
2019-09-01,10,137253,1469,0.01070286259681027
2019-09-01,11,137253,1346,0.00980670732151574
2019-10-01,0,155164,20440,0.13173158722384057
2019-10-01,1,155164,4507,0.02904668608697894
2019-10-01,2,155164,2667,0.01718826531927509
2019-10-01,3,155164,2183,0.014068985073857338
2019-10-01,4,155164,2015,0.012986259699414813
2019-10-01,5,155164,1942,0.012515789745043953
2019-10-01,6,155164,1980,0.01276069191307262
2019-10-01,7,155164,1920,0.012374004279343147
2019-10-01,8,155164,1811,0.011671521744734603
2019-10-01,9,155164,1626,0.010479234874068728
2019-10-01,10,155164,1428,0.0092031656827614647
2019-11-01,0,147072,19548,0.1329144908616188
2019-11-01,1,147072,3899,0.026510824630113141
2019-11-01,2,147072,2603,0.017698814186248912
2019-11-01,3,147072,2163,0.014707082245430809
2019-11-01,4,147072,2137,0.014530298085291557
2019-11-01,5,147072,1965,0.013360802872062663
2019-11-01,6,147072,1908,0.012973237597911228
2019-11-01,7,147072,1876,0.012755657093124456
2019-11-01,8,147072,1708,0.011613359442993907
2019-11-01,9,147072,1463,0.0099475087032201912
2019-12-01,0,158289,17104,0.10805551870313161
2019-12-01,1,158289,3615,0.022837973579970812
2019-12-01,2,158289,2271,0.014347175103765897
2019-12-01,3,158289,2003,0.012654069455236941
2019-12-01,4,158289,1904,0.012028631174623631
2019-12-01,5,158289,1895,0.011971773149113331
2019-12-01,6,158289,1798,0.011358969985280088
2019-12-01,7,158289,1713,0.010821977522127248
2019-12-01,8,158289,1432,0.0090467436145278569
2020-01-01,0,171004,18747,0.109629014525976
2020-01-01,1,171004,3988,0.023321091904282942
2020-01-01,2,171004,2691,0.015736474000608174
2020-01-01,3,171004,2378,0.013906107459474633
2020-01-01,4,171004,2255,0.013186826039156978
2020-01-01,5,171004,2071,0.012110827816893172
2020-01-01,6,171004,1939,0.011338916048747398
2020-01-01,7,171004,1629,0.0095260929568898971
2020-02-01,0,157216,18722,0.11908457154488093
2020-02-01,1,157216,4160,0.026460411154081008
2020-02-01,2,157216,2901,0.018452320374516589
2020-02-01,3,157216,2444,0.015545491553022593
2020-02-01,4,157216,2203,0.014012568695298188
2020-02-01,5,157216,1948,0.012390596376959087
2020-02-01,6,157216,1691,0.010755902707103603
2020-03-01,0,183289,20803,0.11349835505676828
2020-03-01,1,183289,5352,0.029199788312446465
2020-03-01,2,183289,3615,0.019722951186377798
2020-03-01,3,183289,3103,0.016929548418072007
2020-03-01,4,183289,2669,0.014561703102750302
2020-03-01,5,183289,2181,0.011899241089208845
2020-04-01,0,260829,26246,0.10062531390297857
2020-04-01,1,260829,6851,0.026266251068707849
2020-04-01,2,260829,4682,0.017950457962879893
2020-04-01,3,260829,3623,0.013890326612454904
2020-04-01,4,260829,2941,0.011275586687063171
2020-05-01,0,199139,28112,0.14116772706501488
2020-05-01,1,199139,6708,0.033685013985206312
2020-05-01,2,199139,3996,0.020066385790829522
2020-05-01,3,199139,3031,0.015220524357358428
2020-06-01,0,185569,28182,0.15186803830381151
2020-06-01,1,185569,5920,0.031901880163173808
2020-06-01,2,185569,3407,0.018359747587150872
2020-07-01,0,173027,26059,0.15060655273454432
2020-07-01,1,173027,5361,0.030983603715027133
2020-08-01,0,165429,23050,0.13933469947832605
